TIMESTAMP,HEADING
1615126685985,78.46752419191571
1615126686309,78.18990267697251
1615126687604,76.67238487947459
1615126688856,76.88034055593818
1615126689173,76.12266971761294
1615126691905,77.8478234247674
1615126692399,78.12908975297894
1615126694497,78.35446456869897
1615126695524,76.79074418171913
1615126696619,78.81241664784775
1615126697807,75.9497105863424
1615126698642,77.24265782022191
1615126700274,77.91120552403706
1615126701559,78.13743822921417
1615126701936,79.25141102419732
1615126703767,80.94657189907369
1615126707745,-60.03125629986484
1615126709298,-58.994668234435245
1615126710080,-57.92479126206195
1615126711035,-54.953856514708725
1615126711908,-55.15819742835218
1615126715790,-54.0337234505933
1615126716227,-53.92061632870742
1615126716610,-54.08060359796232
1615126717197,-53.33402719316061
1615126717935,-53.708641173326235
1615126719030,-53.267605833184305
1615126720894,-54.0327643743044
1615126721280,-53.93400156487453
1615126721688,-53.605980371405906
1615126722168,-53.519903647034575
1615126722595,-54.2642641229318
1615126723083,-54.76686252279754
1615126724803,-57.2823582049679
1615126727324,-55.201623579020065
1615126755084,-122.92368937555393
1615126755503,-124.00157015582265
1615126756622,-122.20503567727644
1615126756985,-121.31821959751703
1615126758403,-119.47305407352047
1615126758907,-119.58801377101668
1615126759328,-120.19238882074204
1615126759774,-119.72970966198676
1615126760119,-121.03393547045222
1615126762405,-122.76913159103881
1615126764426,-121.24958259885595
1615126766441,-121.2523174094745
1615126768918,-119.62132719763936
1615126770755,-120.2366692773409
1615126771109,-120.29247742303481
1615126775907,73.65009163302521
1615126777241,50.39656079386474
1615126779022,42.297018655045036
1615126779344,40.16440739312206
1615126779693,39.23423437170651
1615126780158,39.52871129573346
1615126780606,38.6296374010377
1615126781203,35.7718353074698
1615126783532,33.07472808745492
1615126787558,33.323113968555624
1615126787942,34.44768934963258
1615126789431,34.15580001951713
1615126789776,36.234680255152774
1615126792264,38.206493267350055
1615126792507,36.58992500212754
1615126794628,35.11156098169015
1615126795054,32.92884414189375
1615126800636,72.64138872610799
1615126803461,70.5848547726746
1615126804621,71.8051958583971
1615126804920,73.50537947183493
1615126810136,79.34197767379322
1615126810825,78.05049307213193
1615126815615,78.14654158445718
1615126817619,79.8511912614328
1615126818265,81.13799778936941
1615126818671,79.87399285626195
1615126825503,-45.59936581277194
1615126827041,-38.921638872475405
1615126827506,-36.50344508436991
1615126828089,-35.0006031241323
1615126831082,-32.811351722849814
1615126832462,-33.68723401995235
1615126833104,-32.99259765142071
1615126834032,-32.362393738427414
1615126834837,-32.90108777720405
1615126835126,-33.51302931762836
1615126837472,-34.1278914010234
1615126838009,-35.05107867182114
1615126838772,-33.89905794526001
1615126841052,-33.7375509447095
1615126842507,-35.613692761026606
1615126842960,-35.50636085628866
1615126868865,177.72419136682637
1615126869264,177.11907048744368
1615126870569,-176.4235953148311
1615126871087,-176.9699245425193
1615126871398,-176.87351710329952
1615126872210,-175.85008632036124
1615126873950,-172.38815622202128
1615126875377,-172.8758963701863
1615126877886,-176.96864953377988
1615126879888,-177.2321908553237
1615126880416,-177.09596433906762
1615126881388,-178.77854489340507
1615126881729,-177.3391037520846
1615126882967,-178.18643525517717
1615126891065,55.64122236026883
1615126891859,74.35199643283387
1615126892835,91.34644076813291
1615126893761,74.50381812006721
1615126893937,60.230129347294024
1615126894449,46.692957560339195
1615126894746,35.29423528124178
1615126895980,34.94847103322343
1615126898629,13.91469630077308
1615126899465,25.050050401356746
1615126900223,22.449076920802973
1615126901078,26.96601530712282
1615126901663,16.636245112571007
1615126902289,10.836796914446852
1615126902570,7.421390665619919
1615126903545,18.076600761175534
1615126904636,19.472487194247904
1615126905324,21.78633227091841
1615126908042,23.004698220613353
1615126908878,22.561887285728478
1615126909247,15.793094940540824
1615126910101,21.179169749761513
1615126916137,35.42130420857253
1615126918626,37.39298098138677
1615126921613,37.06879818485264
1615126923196,36.71285859137598
1615126923697,37.531558808174225
1615126927863,32.36937199180845
1615126928731,30.036808681262354
1615126929402,32.95594112484202
1615126929762,34.253511746230146
1615126930272,33.391578835965156
1615126931153,36.0770729011284
1615126932659,33.6859468101521
1615126941148,-47.915983070903636
1615126942382,-47.80280464161572
1615126942816,-47.240464545542906
1615126943254,-46.66147095112829
1615126943814,-48.58092125501492
1615126944384,-49.066501744316355
1615126945312,-48.562729662904744
1615126945983,-46.02979940991304
1615126946762,-46.418523385207955
1615126947960,-45.50858220894081
1615126948282,-44.36820767823744
1615126948818,-44.14761607292974
1615126949398,-44.502112848060456
1615126949899,-44.57396638878774
1615126950933,-44.25042919382295
1615126951389,-43.86142471713313
1615126953502,-43.435735814212194
1615126955140,-44.130878714579886
1615126955927,-46.23909723276816
1615126956837,-47.27181585345386
1615126957638,-47.30177944293127
1615126959432,-47.92993583968065
1615127003630,-160.99497274056304
1615127004393,-160.09338044069085
1615127005720,-157.75875184319253
1615127006433,-159.9989635100904
1615127006842,-160.13467808435152
1615127008230,-159.97350340097978
1615127009039,-158.47274231658736
1615127009393,-158.3529579409718
1615127010737,-159.53514774379968
1615127011017,-159.69152166078723
1615127011747,-159.77419369694172
1615127012068,-158.9172054868312
1615127017662,-160.40548439923262
1615127018237,-160.72687634017097
1615127018783,-160.81899812858836
1615127019239,-160.47572409656786
1615127019389,-160.3709570673768
1615127019733,-159.9493240487919
1615127027030,51.02569497596757
1615127028527,53.210555714289455
1615127030656,54.20995251418144
1615127030991,53.65899642144807
1615127033377,56.608236113826635
1615127033694,56.70361541556902
1615127035613,56.28346613646618
1615127036920,52.93790850204598
1615127037279,53.9964858208199
1615127040020,54.28238108121598
1615127040800,54.20644532287054
1615127048864,115.5054520749603
1615127072505,-31.97638003427545
1615127073168,-33.52604647386522
1615127074178,-35.116920415321324
1615127076119,-32.12386663634533
1615127076501,-31.584301425369944
1615127077663,-32.12703078181457
1615127078786,-33.31518379944827
1615127079213,-33.48020758160164
1615127081102,-29.2359681289549
1615127083337,-33.88017423300639
1615127083660,-35.00323729729931
1615127083947,-34.841952747015895
1615127084349,-34.93713629547076
1615127086854,-27.88629355091414
1615127087313,-30.593860815798347
1615127087673,-32.28324862695444
1615127088532,-34.22785240401795
1615127089744,-31.635941780814417
1615127090052,-32.54140232647727
1615127090393,-31.73919565810864
1615127090742,-32.775842109049634
1615127091004,-33.04928367223204
1615127128605,-132.58764437089667
1615127129940,-132.30438767458446
1615127132398,-128.66373022181918
1615127132896,-129.60973951809504
1615127133263,-130.91730309458453
1615127135212,-127.96729975707922
1615127135735,-127.6317143493766
1615127136437,-127.187437551207
1615127137600,-125.11537388967082
1615127138068,-125.04567116934733
1615127138494,-125.42933242782414
1615127140096,-124.21408605227457
1615127141242,-124.57793699684476
1615127142776,-123.00016622984083
1615127143153,-122.3529733191073
1615127144257,-123.27398727489425
1615127144718,-124.49184694978646
1615127144925,-124.64695346952274
1615127145544,-124.66677150844723
1615127150868,70.58657210428288
1615127151228,70.42415492094577
1615127152263,70.59355346669477
1615127152640,70.11449346972958
1615127153916,64.4110002802514
1615127158989,65.53583072064696
1615127159854,65.75445951201658
1615127161657,64.94917943022723
1615127161901,65.07739128043842
1615127165138,62.44257361219037
1615127165819,62.06484571887784
1615127166132,63.30776507407055
1615127166692,62.00971201627304
1615127168763,63.70208300362317
1615127173192,97.59249024371607
1615127176337,86.99849855835502
1615127176704,87.60376539566386
1615127177941,87.95922404826845
1615127178362,86.5793477981113
1615127178743,88.43946857433237
1615127179958,90.2366229446698
1615127180261,90.64723785219758
1615127181211,90.41547672005409
1615127181554,90.22036370146327
1615127182322,89.52053545118282
1615127183242,89.7338059165287
1615127183599,88.34916045534904
1615127196366,-44.14304916736087
1615127196515,-42.23226740742593
1615127197726,-40.834864028946434
1615127198393,-40.6082836076312
1615127199222,-40.901743943943735
1615127199892,-41.31210094235098
1615127202241,-38.30817156491629
1615127202641,-38.63904073251004
1615127204642,-39.2913028264794
1615127207719,-38.569261346031716
1615127212627,-38.9225295622565
1615127213495,-39.6268327397334
1615127214502,-40.64853257149201
1615127258306,-104.77981744645813
1615127260179,-101.70224959200645
1615127261978,-104.40463677423121
1615127262674,-103.2777862729443
1615127262990,-102.83212264649097
1615127265176,-100.56383851504908
1615127265591,-100.3592195847065
1615127265862,-101.15968668400033
1615127266232,-101.42012800568213
1615127266795,-100.86420397274266
1615127267518,-100.06409509598542
1615127269723,-103.55925704069146
1615127270318,-104.41127218337388
1615127270655,-104.2213456988593
1615127271111,-103.17829681842717
1615127272053,-102.52845221411349
1615127273851,-100.92721516773592
1615127275386,-102.07578394718917
1615127275790,-102.67799553020633
1615127276661,-102.99430537206646
1615127279749,119.37692876162411
1615127280034,112.45980906190019
1615127282015,79.22786316657235
1615127283622,66.9691603403169
1615127284757,64.74797750982752
1615127285130,66.39970214844517
1615127291072,70.91440508635092
1615127291484,71.85102784025082
1615127294287,64.41690264866519
1615127297145,65.8441672269529
1615127297462,67.25912013217918
1615127297766,65.58986419586175
1615127305258,64.7626543082743
1615127306640,66.51589742043686
1615127308118,67.22378282488825
1615127308533,67.11168715422478
1615127309208,65.0853493236252
1615127309550,64.94679247012968
1615127309957,65.74194563533185
1615127311799,67.20450414003628
1615127312359,68.7114266924808
1615127312950,69.15474919788862
1615127316973,68.0637939259859
1615127317354,68.27634396000538
1615127318838,66.74139412653712
1615127319133,68.99564364050808
1615127319884,68.43105545916221
1615127320365,68.8584822862043
1615127320833,66.40505575183818
1615127322389,67.57010006050015
1615127323337,67.01535370475389
1615127332337,-30.518437787616875
1615127333474,-27.346925467807292
1615127337010,-29.240902173836524
1615127337551,-29.317651822928298
1615127337940,-28.487676285123296
1615127341772,-27.102503967471883
1615127342469,-27.42441505295281
1615127347198,-26.813612808449385
1615127347780,-27.45480936400149
1615127348209,-26.86645356347314
1615127367747,-109.03997319367618
1615127367960,-107.10721713584896
1615127368688,-105.3156399207083
1615127369982,-102.77224338592644
1615127370326,-101.85797811845751
1615127370850,-102.57125475081492
1615127371867,-102.37652533681982
1615127372335,-103.84755516058381
1615127374776,-106.34140881893599
1615127377698,-105.45959426221717
1615127378614,-105.18088599071005
1615127381899,-104.93279501929105
1615127382153,-104.43539410147059
1615127383406,-103.38062106111302
1615127384154,-103.58531185905072
1615127385070,-104.9220914332165
1615127385590,-105.72220423503174
1615127390541,58.53468915788326
1615127391289,45.84078872458588
1615127391963,43.65169128130839
1615127392489,40.233490462533645
1615127393184,34.69689764988132
1615127396551,23.26839704877228
1615127397186,20.129529770788984
1615127399318,21.478340790990718
1615127400187,22.070719735496535
1615127400552,21.18354649628792
1615127402176,21.153931178860372
1615127402656,21.435555743007615
1615127402960,18.05856171977316
1615127403343,17.37723647926423
1615127403782,13.722862446252842
1615127405659,19.218924756561513
1615127406259,20.66516229278599
1615127407423,18.1545271364131
1615127407829,17.79553545475248
1615127408263,20.508228827043187
1615127413473,77.92198054166015
1615127413834,78.65961152912539
1615127414160,79.83129544543573
1615127415549,85.37706361576525
1615127416180,85.57645728049489
1615127417542,83.0094668288128
1615127418747,84.20416217196161
1615127420233,83.51824185258826
1615127420892,84.40744738425683
1615127421471,82.81348448981068
1615127422588,79.86404990282668
1615127425864,80.35166840506939
1615127426470,85.1642140757563
1615127428682,86.19055889713118
1615127429040,87.52119309064797
1615127429738,87.21117046128569
1615127439558,-49.981009149730916
1615127440425,-49.595567069882065
1615127441390,-49.209089234778325
1615127441855,-47.82070664464793
1615127443072,-46.82182926957264
1615127443659,-46.85065298761313
1615127443859,-47.5634630670071
1615127444898,-45.562254394554884
1615127445720,-46.577120697751866
1615127446020,-46.65355351350521
1615127448005,-44.9766304442096
1615127449275,-42.80330289103716
1615127449557,-42.21986121184971
1615127451746,-42.50972247893866
1615127452555,-43.81155287993764
1615127453081,-45.40216244291136
1615127453624,-46.62849207851726
1615127454166,-45.283548825006555
1615127454613,-45.32207524300393
1615127515087,-140.08698858191474
1615127516139,-136.91581020148996
1615127517428,-136.69885464255375
1615127518301,-136.34984530669726
1615127518845,-135.34520416948052
1615127519227,-135.65881311594637
1615127520137,-134.208112603422
1615127520504,-134.8616399514311
1615127524119,-137.42831176753555
1615127525780,-138.49882187839302
1615127531232,-137.06500316237285
1615127532183,-137.35553855246866
1615127538181,91.96245995017632
1615127538352,88.42925176308988
1615127539060,91.27968947160375
1615127539490,92.18370497842939
1615127539873,93.80639633431137
1615127540698,90.38320270336371
1615127541064,90.56613463099303
1615127542578,90.5898296071721
1615127542902,90.83494462611195
1615127545878,90.2100255561953
1615127546220,91.62575134315952
1615127546570,91.93422711576348
1615127547536,92.79251685984077
1615127548136,90.89405236285462
1615127548483,89.54992662435573
1615127548989,90.22728232436344
1615127549517,90.4168482435024
1615127550619,88.60713953339572
1615127550966,88.81018754522849
1615127551495,88.87819881430781
1615127552204,88.728396202848
1615127552673,88.33647420731492
1615127554874,86.84750021278683
1615127555277,87.13638010813588
1615127555606,88.92351801316548
1615127556036,89.60449505834399
1615127556568,88.51065454312435
1615127557256,88.37117857512357
1615127560942,112.31332262208274
1615127564030,105.5385700444125
1615127564476,105.07142185145878
1615127568153,104.71390561329834
1615127569307,103.78403882940445
1615127569769,104.77828393213773
1615127570189,106.59968023471671
1615127575137,109.49628609566172
1615127576072,107.11755076551883
1615127576870,108.86117071907105
1615127588899,-43.88454367688271
1615127590295,-42.75136680957972
1615127591772,-41.1568034772588
1615127594226,-38.91999602637365
1615127595629,-39.6324279552136
1615127597529,-40.141965640528404
1615127598885,-40.482240197646036
1615127601634,-38.023529574140504
1615127603010,-36.23484324027259
1615127603559,-36.7479900235969
1615127604465,-35.38230816657271
1615127648428,-155.38603875018325
1615127648964,-153.85933583562388
1615127650887,-148.98699504301274
1615127651752,-147.14857166197197
1615127655191,-146.73032071259613
1615127655795,-144.27189487456917
1615127656574,-144.62691221705327
1615127656932,-144.76114414845915
1615127657316,-144.54813038500538
1615127657940,-141.10094007114085
1615127658287,-139.89948932945538
1615127658915,-141.23869075830729
1615127659232,-141.17534129999396
1615127659637,-141.4994200654005
1615127660308,-142.91039295187295
1615127661890,-144.36091931629093
1615127662228,-143.28458642365746
1615127666233,-150.48511584336444
1615127673104,68.35661061741806
1615127673497,65.49138815932196
1615127674805,66.9957153005793
1615127675284,67.7397547645805
1615127676681,66.25652700718953
1615127677975,67.20202559300512
1615127680535,69.88946611965353
1615127682056,68.10660496606596
1615127684932,68.3629974780342
1615127685555,67.74715491167987
1615127686303,65.43947525613444
1615127686589,66.59587640348411
1615127686996,66.76435644359834
1615127687381,65.54688376551813
1615127689886,64.0829062173561
1615127693887,122.01460833987015
1615127697427,125.36943353582379
1615127699163,124.08073051707832
1615127699504,124.55735708350973
1615127701364,124.11819320777322
1615127702597,127.46292943294397
1615127703486,125.71034482113859
1615127703689,126.47993637669548
1615127704156,127.60355816758134
1615127705189,128.48383899842048
1615127705700,128.66570342057474
1615127706407,128.49892189109121
1615127709338,125.9256997469269
1615127710066,127.04599989505151
1615127710608,127.48687192238262
1615127710858,128.54315270971077
1615127711715,127.38098436878492
1615127712854,126.85476601065373
1615127718251,-21.26935206875904
1615127720434,-15.698028446642477
1615127720891,-17.088753240549497
1615127722634,-14.809552340055824
1615127723528,-13.941995096389954
1615127724376,-12.858643274196911
1615127724871,-12.467114471328577
1615127726274,-16.188497226204447
1615127728936,-12.177018583869376
1615127729351,-11.779827844549667
1615127731105,-14.578244105922515
1615127732270,-13.383749125172482
1615127732751,-11.686452761288848
1615127734164,-11.166755928664697
1615127734772,-12.510456030617004
1615127735170,-12.379517006236133
1615127735907,-11.749069127162832
1615127763275,-37.14009731591725
1615127763656,-114.10996849468482
1615127765880,-114.36590293112803
1615127766676,-112.27875443207232
1615127766992,-110.33192660481565
1615127768606,-109.18871419218776
1615127769337,-109.98720895483267
1615127770199,-110.97253825222641
1615127770772,-110.24223204330065
1615127771000,-110.51714823381592
1615127771871,-111.129878953179
1615127772171,-110.38327808659815
1615127772695,-109.31618104600825
1615127773085,-108.59648054337264
1615127773467,-107.8538666178961
1615127773950,-109.05748276222694
1615127775067,-108.80365559010879
1615127776802,-108.35100885952153
1615127777307,-108.1993057653438
1615127777719,-108.83313530797552
1615127779136,-109.21324400164984
1615127779643,-109.38730241689018
1615127780050,-109.87399225613254
1615127781346,-109.18489228060082
1615127782665,-111.37189072066951
1615127787694,80.5385026616831
1615127788423,71.46466415803023
1615127789478,72.74944988943092
1615127789912,71.64868789934388
1615127790290,73.25746788691968
1615127791060,71.35945034835281
1615127793438,72.78940173127563
1615127794803,71.948720097726
1615127796032,70.68276447520383
1615127796534,70.97419844989822
1615127797392,69.14837136334447
1615127798230,68.99680720407333
1615127798391,71.15554779154296
1615127798747,72.10186572962091
1615127799176,72.76846494347663
1615127799493,73.47763343032824
1615127802374,73.228155233997
1615127805144,73.8595197709348
1615127805531,72.5235519239237
1615127811976,90.89666559840762
1615127815352,94.01953295602856
1615127819781,87.12294455094332
1615127821272,90.70816689676107
1615127822294,91.82595073626996
1615127822581,91.34182676207318
1615127822877,91.56722728284028
1615127823331,90.88734290526558
1615127823570,90.13756797170763
1615127823817,90.24671174345121
1615127824305,90.50855434234279
1615127827053,91.96546523968348
1615127827685,91.33999208737616
1615127828412,88.90520111453549
1615127829809,91.59759116646619
1615127830417,92.20514626912329
1615127835343,-53.5696132486811
1615127838404,-47.158859354986085
1615127839051,-47.72006121364066
1615127839960,-47.52344887636391
1615127841094,-48.138239057479616
1615127841703,-47.04039437509683
1615127842476,-45.41477422169631
1615127843718,-44.49636624847551
1615127844849,-42.3366881827894
1615127845216,-40.78723760020642
1615127846568,-40.01153436078304
1615127848271,-34.67334633910496
1615127849180,-33.585858846545584
1615127851279,-29.163761771444992
1615127851838,-28.75788400990609
1615127852938,-29.23255825050695
1615127854640,-25.140032409495763
1615127872913,-26.198305982795667
1615127877220,-122.68574153132582
1615127878336,-120.8545013514347
1615127879994,-121.99098436053823
1615127882041,-125.60681829212548
1615127882414,-123.63642196713
1615127882966,-122.62130686610318
1615127883286,-121.74401969712682
1615127883628,-122.08072078954986
1615127887003,-126.1411666691591
1615127888949,-123.7861960871344
1615127889740,-122.94405046878137
1615127890322,-121.61172618234964
1615127890747,-124.52511139251052
1615127891088,-123.78922822651141
1615127892039,-121.2299863826785
1615127892827,-120.89002756249602
1615127896081,93.55688235089316
1615127896384,96.84086673976445
1615127896804,99.6565409117573
1615127898125,105.10067117992412
1615127898979,103.6192948941656
1615127900124,101.23782381130808
1615127901156,101.1478242606466
1615127901682,100.41642451418097
1615127902673,102.15516991744273
1615127904554,101.58149205221808
1615127907159,101.05842876917824
1615127907586,103.0428671088123
1615127915077,105.48844298769876
1615127920346,149.24165417909342
1615127923271,148.7962691143106
1615127924286,148.59790282460204
1615127924912,148.53458830508393
1615127925559,148.87353107814957
1615127926429,149.810922022974
1615127926699,150.09960321907351
1615127927746,149.86644821908794
1615127930594,152.88392794013933
1615127942218,-18.381242514169426
1615127944700,-22.907027845850116
1615127946320,-25.207696250274964
1615127947247,-27.04672173042658
1615127948204,-26.77573709570052
1615127951033,-24.235182390703653
1615127951904,-24.460238015387613
1615127954029,-24.809275903935994
1615127955240,-24.67895942396814
1615127956069,-25.05730556433066
1615127956728,-23.818865724019226
1615127956920,-24.55727887628905
1615127958936,-24.42420500132284
1615127959303,-23.978647489543548
1615127960806,-24.078143857181832
1615127981245,-132.3795200479192
1615127983725,-136.03271249725964
1615127984194,-136.56170175785374
1615127984820,-135.62010772068555
1615127985833,-135.21940402802397
1615127986281,-135.76414754116456
1615127988059,-133.87665016275858
1615127989027,-132.11695744092077
1615127989490,-132.5074135618927
1615127990336,-133.9250536585505
1615127990662,-133.53259820547294
1615127992746,-134.7963799863007
1615127993918,-134.95585810855633
1615127996040,-133.28586724868657
1615127997388,-135.44142679471196
1615128005894,79.46329847465813
1615128006774,74.6239414303534
1615128008152,67.28470677886064
1615128010921,67.80120893758372
1615128011745,69.66090275551137
1615128012132,71.76521814653809
1615128013284,69.62981939958564
1615128015871,72.35706811817381
1615128016335,72.40342776899054
1615128017893,73.67067514268669
1615128018245,74.31424263379937
1615128019189,74.15503842818238
1615128019658,73.70503058023844
1615128021140,72.26383661998766
1615128022967,72.33964169714933
1615128023404,71.55809098028594
1615128030492,115.88652927186774
1615128031056,115.89358713444821
1615128031459,117.9323286251589
1615128032789,115.54788795320881
1615128033080,117.03129498687757
1615128033827,118.89071371054973
1615128035262,118.655172866347
1615128041034,113.29993951053885
1615128042438,108.4310622113131
1615128042843,110.82657627486954
1615128047435,113.69957657695059
1615128047835,113.71754409610817
1615128052048,-39.81265202711662
1615128053097,-39.33410135826752
1615128055374,-36.461066049779475
1615128055663,-36.82038015786036
1615128056389,-37.658398346295705
1615128058960,-38.25760593848963
1615128061666,-41.65543571152098
1615128063039,-39.365692794976894
1615128063463,-39.259922066706956
1615128064595,-40.38985270711592
1615128064959,-39.962163444414855
1615128065808,-41.44473708307295
1615128067918,-43.673567698942136
1615128069066,-42.37437932676874
1615128104590,-169.82663073269597
1615128107781,-164.19826358125306
1615128108650,-165.6374570205604
1615128110365,-158.78085561903762
1615128111724,-154.91971975021133
1615128112187,-152.93031949182088
1615128113383,-151.9746179580533
1615128114200,-152.1412778666592
1615128115565,-149.83464009407214
1615128116218,-150.53587363346796
1615128117342,-145.75158224208505
1615128118363,-144.43208783355144
1615128118961,-142.86075794277625
1615128119447,-142.4480938200074
1615128119791,-142.13922474752545
1615128120453,-142.55280906260867
1615128121247,-140.36133169502372
1615128121770,-139.18994865242877
1615128127251,66.42521863690152
1615128128078,70.55143410694038
1615128128566,71.71706661487491
1615128129877,71.4350666534493
1615128130321,72.29758371551848
1615128131979,73.38982279051466
1615128133175,74.24763758031553
1615128134734,76.73031403037555
1615128136258,74.64274546016317
1615128136918,76.01646520847936
1615128137647,75.78248767321337
1615128140672,73.77083671499535
1615128141122,74.37038792843637
1615128141535,71.92738055444971
1615128141953,72.29197208774472
1615128143159,75.95812585870623
1615128150259,120.45466089142505
1615128151885,118.42589823788143
1615128152651,121.3124364256337
1615128153818,125.76154475929289
1615128154230,126.37435378517009
1615128156022,127.6656786996712
1615128158507,128.92043872428408
1615128158890,127.78332762873428
1615128161927,129.32883601058384
1615128162888,127.41848246358931
1615128165339,127.72979612542545
1615128166166,122.96154209029879
1615128168128,123.75541346968934
1615128175428,-52.047121362336114
1615128176132,-53.25043349265997
1615128176783,-53.37488314691889
1615128179258,-53.139250750335684
1615128179755,-52.965726632123655
1615128180748,-51.42412944314015
1615128181451,-52.57361266494638
1615128181757,-53.192533915600144
1615128182564,-51.443516011065164
1615128183100,-50.771825775850964
1615128183775,-51.27423426554355
1615128186911,-52.335150515815364
1615128187509,-52.41067212165154
1615128189135,-50.022136627674534
1615128189575,-50.12145235387957
1615128190086,-49.95542052327458
1615128191610,-49.42591740729027
1615128191985,-49.40999206367464
1615128242201,173.07970750220215
1615128243335,173.50998317724685
1615128244044,174.00340138172498
1615128244308,174.51790203607712
1615128245089,176.11885907669034
1615128245910,176.3673828379768
1615128247136,175.25402149454735
1615128248486,175.03721060507414
1615128249238,177.80395997063968
1615128249974,176.78037685625972
1615128251182,174.3890979143495
1615128252435,174.06590855042566
1615128253107,173.7951977204491
1615128253647,173.51806823685115
1615128254309,174.15433866190787
1615128254828,175.44919298222314
1615128255609,178.04184589247006
1615128256340,178.93453672742086
1615128258274,173.86268486075346
1615128259026,175.1031649311574
1615128259346,175.3135770265132
1615128259974,174.74157180766593
1615128260637,175.60421732727733
1615128260967,175.2274361406397
1615128261550,177.7258467869991
1615128266708,42.102827294131096
1615128268071,48.55801523057441
1615128268423,47.029329537080095
1615128271438,47.30569059768361
1615128271743,45.82893492423376
1615128273447,49.306606962824915
1615128275421,48.20297490195458
1615128276198,49.72340275293434
1615128279968,56.694538718032426
1615128280358,56.663376411645345
1615128281390,56.73245177070848
1615128282052,54.67829137503602
1615128283021,53.41977068720048
1615128283424,51.320369964743
1615128284434,53.220085721096126
1615128284739,52.99452020762405
1615128285457,50.97039677557421
1615128291252,102.4421813944909
1615128292555,104.84885790572805
1615128292844,105.15320165136833
1615128293294,104.76538164142514
1615128293769,104.78986397659635
1615128295571,105.58032108550263
1615128295928,105.31596493745832
1615128296184,105.19529741203137
1615128296671,105.48790990793425
1615128297642,105.38592320554392
1615128299296,104.2273503898836
1615128299879,103.90140969756092
1615128300500,104.47927663669368
1615128301873,103.87043902490672
1615128302736,105.37507113762071
1615128304633,105.99767642942673
1615128306554,106.1065224842149
1615128307002,106.75604383457411
1615128308030,109.6990287586777
1615128314959,-68.16628995723825
1615128315449,-68.60865363970302
1615128315815,-68.36345634873823
1615128320181,-69.19759154042788
1615128321919,-68.16883849287572
1615128322257,-68.02961618939872
1615128322691,-66.84518541373039
1615128323708,-65.77078263210397
1615128324028,-65.68289501234231
1615128324427,-65.28276463079949
1615128325205,-65.20653042414561
1615128326431,-65.91289562415375
1615128327923,-66.71653197818102
1615128328635,-65.86952974838788
1615128329237,-66.56757587051851
1615128329746,-67.2369585852608
1615128360638,-169.1893509541666
1615128361295,-170.00739157204765
1615128361808,-169.2856320757084
1615128366953,-169.54089018281735
1615128368016,-167.10953960287262
1615128368926,-167.64661018496042
1615128369372,-166.54778458242566
1615128372730,-168.28912087585775
1615128375008,-171.37876540303455
1615128375355,-170.80942714278828
1615128375707,-169.11018147353136
1615128376100,-169.01345024048507
1615128376572,-169.25070850472406
1615128376870,-169.2185900059545
1615128377835,-169.03076526001814
1615128381417,73.61256274303646
1615128382601,70.24731709937373
1615128382926,68.80464169572052
1615128383776,70.68332338212147
1615128384933,69.73933921647512
1615128385319,68.0642918428073
1615128386877,69.46674869703112
1615128388656,71.1170611866925
1615128389892,72.9949676669384
1615128390152,72.08487561278245
1615128390454,70.60593024198032
1615128390842,70.21067260020834
1615128393206,71.37324867772969
1615128393895,72.72347037791177
1615128396683,69.94455044691574
1615128397369,69.74699445627235
1615128397765,70.08760339614334
1615128398136,70.424706705344
1615128400443,71.58185177024939
1615128409191,105.75889082087532
1615128410209,101.50116880229632
1615128411120,100.5778976245098
1615128413006,99.73919174627075
1615128413375,98.648817712594
1615128415281,95.29757434603563
1615128416184,98.40551265084528
1615128416620,99.31620137830124
1615128418316,100.11429179448847
1615128419802,99.46541402746155
1615128420363,99.62589393327433
1615128422545,96.25039217395519
1615128431637,-58.472706852176756
1615128432526,-57.55203701125003
1615128434113,-56.20472528635577
1615128434568,-55.804185132892194
1615128438248,-59.430554255499025
1615128438605,-59.69140663898911
1615128440169,-60.75374172447899
1615128440630,-61.30567653786746
1615128441394,-61.37181899893767
1615128442097,-61.53419963100222
1615128443021,-64.62447169455481
1615128444961,-69.42285796323772
1615128470679,-109.76178008298857
1615128471142,-110.39970817581485
1615128471473,-109.58301784554533
1615128474356,-109.27798472380844
1615128475590,-106.91432455252591
1615128477432,-109.12879530750894
1615128477712,-108.86308949597748
1615128478100,-110.24445115710249
1615128479005,-110.23888816116947
1615128480036,-110.73764706901541
1615128481193,-110.45633333997785
1615128481586,-109.23865155341964
1615128481896,-108.96557565465412
1615128482753,-107.91721312966799
1615128483317,-108.85015386129447
1615128484004,-109.73860187012178
1615128490548,104.67672847997143
1615128491256,102.6959414315681
1615128492028,99.41500015104657
1615128492680,95.40574918331495
1615128493097,94.47343591841293
1615128493565,93.6972796183796
1615128494117,94.3071403976059
1615128494452,93.83559443180467
1615128494754,92.79954545273084
1615128496635,92.23692345024813
1615128497749,94.444972294507
1615128498130,95.36975452938306
1615128499083,93.51144197269913
1615128499547,93.8529020184997
1615128505008,92.75009995012728
1615128505571,91.08757677359002
1615128506076,92.03796121508897
1615128508089,94.13124704210495
1615128508655,95.43581101587732
1615128510032,96.4437697267347
1615128513949,136.41032794615586
1615128514345,133.85755412296592
1615128515444,131.68101265422175
1615128516211,128.9725758217715
1615128516590,129.32974469309403
1615128517222,126.93426919806782
1615128517971,126.69374382191904
1615128518389,126.25026056326448
1615128519089,127.05445454945895
1615128521264,127.74281580113932
1615128521728,125.40868970936211
1615128524478,121.91050057967496
1615128526804,123.91380512800542
1615128527533,120.68914730335821
1615128528293,121.70493271328218
1615128528661,121.1373444474126
1615128529402,121.05571891377805
1615128529898,123.10175674720165
1615128530313,123.6131333927142
1615128530683,123.27513035625515
1615128531917,122.58487468620177
1615128537310,-42.165980276724554
1615128537948,-45.07033059910252
1615128540084,-41.77979122828117
1615128540811,-41.92527522811517
1615128542034,-42.24174605672337
1615128543703,-40.95195339689428
1615128545283,-42.15980549259189
1615128545865,-42.53670684941692
1615128546396,-39.932107429165555
1615128546858,-38.461358130938805
1615128547570,-39.13483513663791
1615128550568,-42.064170674056676
1615128551022,-42.07391309683829
1615128551364,-44.139555442331
1615128553751,-48.382965661837474
1615128554521,-48.32679896566002
1615128554895,-47.25365019912957
1615128555467,-44.680106865734146
1615128608824,-149.017687312782
1615128610779,-144.25303447373372
1615128623578,-147.82432018429031
1615128624106,-148.21303401278638
1615128624427,-148.47516203853252
1615128625202,-148.65339427818736
1615128625918,-150.2048285493082
1615128636017,37.32680867789671
1615128638297,41.05947208778975
1615128640178,38.08623281995326
1615128643513,36.956072469729705
1615128643893,36.93040000706157
1615128644163,38.88836472026
1615128644576,41.051564046823074
1615128649563,39.174504160949795
1615128653585,37.14211042176844
1615128654435,36.97962861033466
1615128655262,37.741619543896846
1615128663193,89.21374129588781
1615128663592,89.81087701975109
1615128664165,90.17782889006065
1615128664699,90.39688316952572
1615128665309,91.5444567744993
1615128665873,90.83404022820946
1615128666268,92.19562188404663
1615128666544,92.5915909520746
1615128668646,89.83376692134729
1615128670484,90.02606913682594
1615128672930,92.65697941827683
1615128673496,92.92822599882182
1615128673760,93.44108535535683
1615128676022,88.68242176911707
1615128678647,90.1294984700127
1615128679009,90.82417090768385
1615128679444,91.52090684005881
1615128686757,-42.11499398009415
1615128687647,-35.991035289717566
1615128687974,-32.59689088620901
1615128690254,-25.044358433668467
1615128692022,-26.011187879669485
1615128695027,-26.918084662589003
1615128696605,-28.06988918284975
1615128697028,-25.755888876830376
1615128698270,-22.96494245289
1615128699224,-26.772002976774992
1615128699761,-27.49589904756398
1615128700282,-28.63124020295278
1615128701193,-28.957942964440083
1615128701921,-29.175927255509038
1615128703876,-29.070368084065066
1615128705064,-25.883812493877823
1615128751533,-106.11299161839644
1615128751797,-104.48455182905361
1615128753194,-107.6122432404213
1615128757568,-106.5129785522143
1615128759054,-106.33149770742098
1615128760009,-106.84714538882659
1615128760479,-106.5586173614231
1615128762221,-105.44853220637778
1615128763854,-103.85761165380478
1615128765709,-98.8930301159204
1615128766151,-98.01889360412285
1615128766632,-97.20232435616077
1615128768379,-98.37213076299504
1615128769105,-101.70575601665743
1615128769838,-102.9829025010822
1615128779029,91.07297172374348
1615128781212,90.00581390750877
1615128781966,92.70190944177438
1615128782609,91.14962943145385
1615128783430,91.94514924262923
1615128786225,93.56028462366874
1615128786509,93.54727745227058
1615128787256,93.24783272459086
1615128789019,94.87732262211388
1615128791049,88.47228095284164
1615128792372,86.88753273729391
1615128797870,87.76675326966071
1615128799754,116.18334936652435
1615128801876,116.62300321834856
1615128802384,116.02458758974217
1615128806439,113.38177046432912
1615128806990,116.55246538254694
1615128807452,116.55414964134366
1615128807962,114.96845994612481
1615128808304,115.21217544467598
1615128809517,113.8335826864196
1615128810569,112.47446341020135
1615128813062,116.23687011874918
1615128813884,117.31912263144444
1615128815262,118.58035583905547
1615128816675,110.49492566507918
1615128817304,110.31602775592849
1615128822694,-22.675107620549223
1615128822983,-17.609786129360455
1615128825692,-26.641957280577877
1615128827614,-24.56227599574235
1615128828758,-17.768890743150408
1615128831836,-16.31415523401177
1615128834672,-15.405565514869954
1615128834904,-13.137077134323366
1615128837025,-17.873928194035738
1615128840309,-16.717448932684434
1615128869380,-141.88440572411918
1615128870737,-142.74893519337962
1615128873069,-144.32975567932027
1615128880505,63.8958227535411
1615128881188,66.02558723925276
1615128881412,65.73774306750974
1615128881866,65.47118208227133
1615128883133,63.49190280271444
1615128884568,63.43674627887459
1615128885131,63.696270007930934
1615128885699,64.93849242954563
1615128886297,64.09050026576662
1615128886766,63.29184629445515
1615128890795,66.94173502342396
1615128894471,65.43988833176039
1615128894897,63.99008976491414
1615128895291,63.73135760944079
1615128896490,61.94726475799656
1615128896718,60.57188711209311
1615128904532,114.24611574890079
1615128905498,114.0223003730243
1615128906312,114.54774851263166
1615128914235,112.6733581918387
1615128915705,116.22122242070672
1615128916873,115.51089323116678
1615128917197,116.27562809602784
1615128917946,116.675278987808
1615128920098,113.55940967713535
1615128920558,115.88813624157774
1615128920845,115.9804055068718
1615128928239,-28.510217331104815
1615128930456,-28.47981238114282
1615128930783,-28.973960058881545
1615128931599,-26.963106370269795
1615128933810,-24.435039520279858
1615128933976,-24.204747688377626
1615128936905,-24.22901256270538
1615128937885,-26.378757346715332
1615128938450,-26.753817704724685
1615128939774,-27.40569348504427
1615128941033,-28.78279608830111
1615128941377,-27.922359155364102
1615128941984,-27.26510056234428
1615128942469,-26.039990917459743
1615128943190,-25.304749328493013
1615128944846,-26.538224642526124
1615128967945,-121.64841757941622
1615128968492,-119.61121068256557
1615128970085,-118.55782312094264
1615128970552,-118.72047518188927
1615128971260,-118.57838116395939
1615128971645,-118.17473153151406
1615128972574,-117.77576665697245
1615128973117,-118.01604562384367
1615128973542,-119.05536763496349
1615128974110,-118.63543528336407
1615128975558,-119.62975009248142
1615128977731,-118.27795642104957
1615128978781,-117.27786475065396
1615128981866,-117.93211937410982
1615128983643,-117.87630731046009
1615128983976,-117.58491106572288
1615128984865,-116.9716288966417
1615128985916,-116.4631605557313
1615128986759,-117.59186465522129
1615128995643,79.20882493967422
1615128996637,79.97747099854521
1615128997144,80.77550978288969
1615128997612,83.22060077164679
1615129001746,80.53525932690115
1615129004603,81.61518858855769
1615129005368,81.84838333141965
1615129008539,81.86756656354876
1615129009029,82.33218339380655
1615129011129,84.1700258278606
1615129012179,83.87030478967613
1615129014058,83.36339884015274
1615129021458,155.69974682914824
1615129023162,158.09462672574676
1615129024292,158.60756271590225
1615129024838,157.1915027796139
1615129025485,154.00763147444655
1615129026072,155.10812401792253
1615129026518,156.25794586794146
1615129028008,154.89748474338919
1615129030778,158.11261022835865
1615129031560,155.81388654265498
1615129032597,155.98394179788323
1615129033255,156.42191033500566
1615129038746,155.81314719515206
1615129040062,157.36276198182787
1615129046471,-10.146377859163264
1615129048327,-11.713140117086418
1615129048713,-11.324481161584226
1615129049925,-12.60099651266955
1615129050408,-12.104585209631942
1615129050955,-13.125161411952622
1615129052161,-13.141767842624658
1615129054510,-10.669507077550584
1615129055604,-8.936448789919412
1615129055807,-8.805327936501774
1615129056702,-8.13463117861295
1615129060744,-5.178843849562955
1615129062264,-7.917048869540538
1615129062766,-7.1402609028183015
1615129063640,-8.34748917250456
1615129064199,-6.583607871910227
1615129080636,167.71295388902098
1615129081118,166.47051829554061
1615129081890,164.9083861522094
1615129084498,174.12582490911043
1615129085148,175.05297144290276
1615129085814,175.9557231072429
1615129087289,173.07465693884055
1615129090990,175.1103347835848
1615129091818,175.90730854443987
1615129092180,174.18604571842695
1615129092489,173.32706773766736
1615129092870,173.39758761193082
1615129093352,174.57813374467295
1615129095449,175.29703963936103
1615129095901,175.33578665068404
1615129096546,174.21589045707813
1615129103685,39.9299818677403
1615129107245,30.549616514004853
1615129107588,30.316252651179532
1615129108639,31.625506524084194
1615129114702,29.87854152158722
1615129120021,32.50313949835967
1615129121840,34.326630353090465
1615129126955,79.28257387009741
1615129129930,82.7204255357799
1615129130815,83.10608124999418
1615129131545,83.25438758206984
1615129133263,80.9068779179911
1615129135080,80.1888673473137
1615129135995,81.68050877805626
1615129136336,81.31605382829734
1615129141290,85.20160601957909
1615129143068,79.78185884369282
1615129143916,79.92241387609731
1615129144526,81.62247831905097
1615129145172,81.62003560873778
1615129151056,-59.85376813371627
1615129152473,-54.00453007082785
1615129153090,-55.98465980127293
1615129153844,-55.92685365075684
1615129154652,-53.888613651896534
1615129155093,-54.51870190495421
1615129158283,-53.16951207547203
1615129158596,-53.17820330253399
1615129161468,-50.948075077924855
1615129162140,-52.46359853795568
1615129162397,-51.826576897098086
1615129162984,-52.46218491386954
1615129164236,-50.57349822368866
1615129164885,-51.695460773333245
1615129166480,-50.97857304330697
1615129167450,-51.19864331576928
1615129167857,-50.91317943916488
1615129168691,-53.398812991461256
1615129169092,-53.75430815132034
1615129169774,-55.45154235538167
1615129219307,-151.3362058042191
1615129220652,-147.8552713314736
1615129222645,-151.11987529334866
1615129222932,-151.6078369989309
1615129223455,-151.25771010186486
1615129223918,-149.4579149423117
1615129224956,-149.42069910068807
1615129225578,-148.52507000863577
1615129226203,-149.54920834092675
1615129228012,-149.96544946172088
1615129228970,-149.49360997960554
1615129229274,-149.5898363251705
1615129229639,-150.61075274421088
1615129231640,-152.00931225091233
1615129232952,-153.03133014718154
1615129233215,-153.64924136022103
1615129233851,-154.4071782476171
1615129234211,-154.26489227328088
1615129234996,-152.4312180143249
1615129235563,-151.2546679460266
1615129236860,-152.24051116662173
1615129241990,72.30611707755949
1615129242376,72.53446184487228
1615129242911,71.63443722525122
1615129243286,72.14028307136647
1615129243769,71.04489522450754
1615129244936,71.52037899685112
1615129245288,73.2138158078394
1615129245706,73.04243269393984
1615129247228,71.58007307459748
1615129248142,72.32133554639222
1615129248996,76.36315076012652
1615129249614,75.88157697221428
1615129251049,74.28477934007961
1615129253274,74.89016131484618
1615129256409,72.96367976449494
1615129257116,71.88535198974324
1615129257823,71.99056229096784
1615129264309,117.54918079849767
1615129264717,120.15888048475666
1615129265144,119.59338722678724
1615129265431,118.73543547119367
1615129265755,117.65975792908235
1615129267065,121.11773880859727
1615129267607,121.95332421143547
1615129268340,122.28189579011905
1615129268678,124.00104808478274
1615129268963,124.65262873149906
1615129269753,124.74929225558324
1615129270277,125.14872410763968
1615129271650,123.37736924962536
1615129272317,121.58902199261983
1615129272579,122.9172649448657
1615129274825,119.74747261680928
1615129275382,120.45432472250067
1615129276039,121.57850470107418
1615129277817,120.75755903025266
1615129279427,121.86689400585233
1615129279800,121.91007066614516
1615129289243,-29.93732542938878
1615129289568,-27.16894087150066
1615129290194,-29.50901048073796
1615129290878,-31.028057800064026
1615129291280,-30.651538034669016
1615129291665,-32.522840238058315
1615129292070,-32.83901605577007
1615129292756,-31.094572931235394
1615129294860,-29.519929690975015
1615129295306,-29.897422042645026
1615129297186,-29.337526165119534
1615129298542,-28.78201439780685
1615129299710,-29.842094369982316
1615129300210,-29.424561029031423
1615129302504,-27.278227610757753
1615129303138,-27.524268228185544
1615129571612,-166.05647797417527
1615129571956,-163.58436551279675
1615129573167,-164.88214716003029
1615129575243,-162.16960602137547
1615129576560,-159.9875840130367
1615129577715,-160.0916358913516
1615129578583,-159.7966236934288
1615129581805,-159.56897277183614
1615129582387,-159.90418016016815
1615129582973,-160.16407902648407
1615129583418,-161.06988082715915
1615129583940,-162.0170025397247
1615129584666,-160.82527299001032
1615129585580,-157.09631630751366
1615129585881,-156.7926248959539
1615129586185,-156.30537412545573
1615129587873,-156.9756762455239
1615129588490,-158.57794168050023
1615129593842,52.7215916359825
1615129594939,49.44079398837658
1615129595326,49.092779338345274
1615129595867,48.437952243787265
1615129596254,46.95919332177762
1615129596741,43.459694881466966
1615129597103,44.471866310364064
1615129597627,46.79388067119945
1615129599639,46.7530507425892
1615129601594,45.682278581612316
1615129601959,44.14198734581208
1615129602320,46.955111598711284
1615129602685,44.820956386713036
1615129604747,42.610117201474424
1615129605757,47.10879431321629
1615129607050,48.271234222883784
1615129608605,43.483121484913234
1615129616289,74.73907116490285
1615129616634,72.98937463473382
1615129616958,75.3762445075488
1615129617349,75.16757247385654
1615129617586,76.70090010571256
1615129618267,74.49788080210159
1615129624376,78.8573249617547
1615129625226,79.39537875248688
1615129628525,82.77877266707866
1615129629049,82.8460732886403
1615129629450,79.99776862724826
1615129629816,81.07183222783358
1615129631578,80.22394956556045
1615129633271,83.94082729854917
1615129634558,81.252286818953
1615129639279,-54.812960589183426
1615129640815,-47.60741764937852
1615129641321,-45.88540360279996
1615129642608,-47.21700263226261
1615129642857,-48.41361369342071
1615129643384,-48.397117379307325
1615129643962,-47.41464050435558
1615129644354,-49.215762656594514
1615129644776,-49.82458204811419
1615129645422,-48.039369668540665
1615129646654,-46.86188594567631
1615129647830,-46.017386662003695
1615129649100,-44.58143519191752
1615129649364,-46.35911603263617
1615129650276,-46.740839411012225
1615129651875,-46.373328242552226
1615129652703,-44.72878750029631
1615129653020,-43.95468326868688
1615129654884,-44.852200678379766
1615129656484,-43.73331820300488
1615129656939,-41.922235091570805
1615129657190,-42.3656605951762
1615129657845,-43.8717166848346
1615129682113,-165.85521903903276
1615129683855,-164.6514395444741
1615129684322,-164.117836231658
1615129685817,-162.22017004262722
1615129686343,-164.27223498762712
1615129688169,-162.90460441144901
1615129688631,-164.11458265513778
1615129688912,-164.07634814690948
1615129689640,-165.4889900744429
1615129689902,-164.60594042484192
1615129690409,-163.81973410421992
1615129690828,-163.21458177736054
1615129691718,-162.82361360359147
1615129692473,-163.78469894039156
1615129693179,-165.04785476583496
1615129693843,-164.08761057748035
1615129696087,-162.43367288239077
1615129697138,-163.14660396817592
1615129700897,61.72765418441832
1615129701222,59.42792097247595
1615129701505,59.9235538305712
1615129702373,55.200677379093435
1615129704982,52.09688482507775
1615129706582,51.98237736622042
1615129706963,52.27560342444609
1615129707783,52.50288102081811
1615129708397,51.39500708742457
1615129709108,51.100182526395706
1615129710014,50.297484258791236
1615129710522,52.33553657760482
1615129711188,51.3468775684719
1615129712324,54.772647939783276
1615129713057,52.23433975224202
1615129713779,51.384905227969746
1615129714284,51.94001973695345
1615129714635,52.27693650962268
1615129715086,51.12045681116057
1615129716126,52.2391489560664
1615129716425,53.22820049961152
1615129717476,54.11531416364179
1615129719193,53.56072119105652
1615129720054,51.489443298775676
1615129724694,120.08277149765735
1615129725584,118.93054535038286
1615129726186,120.24857859297117
1615129752193,-39.76852928614807
1615129752560,-40.912379933938105
1615129753002,-39.79430963474152
1615129753687,-39.05061428522903
1615129754215,-39.417681070157045
1615129755889,-39.97190492966918
1615129756554,-38.56025196541847
1615129756918,-38.183598903776684
1615129757426,-38.43521339345417
1615129758258,-40.193606643932185
1615129760477,-37.49504360260249
1615129761105,-38.57523195633924
1615129762116,-38.81652486262952
1615129762652,-37.500074143889016
1615129762907,-37.57745001633948
1615129763392,-37.342619729590474
1615129763753,-37.39630013827092
1615129765069,-37.146085243720826
1615129765373,-38.30485238118422
1615129766078,-39.8284068493408
1615129767455,-40.949489983812654
1615129768224,-39.552828095277924
1615129768622,-38.80082642075723
1615129768846,-38.788508766820826
1615129769225,-38.163289452249245
1615129785704,-166.07406665281047
1615129787311,-166.50278852558998
1615129787808,-166.93037848754832
1615129789707,-168.60236578507573
1615129790015,-167.83963171455713
1615129790380,-167.38499451162622
1615129790810,-168.24528573497824
1615129793066,-169.5423479257393
1615129794247,-170.47098670179602
1615129794800,-168.77999870635543
1615129795906,-170.0686412230488
1615129797020,-173.12393559745811
1615129798061,-176.70913730512933
1615129810320,56.94681582019331
1615129810884,56.17495768502949
1615129811628,57.137714359797954
1615129813150,60.37059391957289
1615129813629,58.44123393845427
1615129814620,55.554106100517195
1615129815321,53.66796576217693
1615129815895,53.52116208849758
1615129816312,54.21795940168772
1615129817174,54.18820228137836
1615129818237,52.45223633301895
1615129818704,51.33697702550072
1615129819535,53.22392179179628
1615129819940,55.810995503040964
1615129820225,57.54501900166723
1615129821263,55.97832756415904
1615129821716,58.75611173528905
1615129822061,61.17940958787097
1615129822484,61.951505697806404
1615129823423,57.81075678554998
1615129824075,58.34127544244248
1615129824772,58.30415861844984
1615129826885,62.250567701367714
1615129827328,59.910886965570235
1615129827666,59.189515341305295
1615129839893,145.91065824150175
1615129842035,144.61773686221002
1615129842404,144.9921131395935
1615129842743,143.8815767299233
1615129845836,143.69959754870325
1615129847740,140.37074050174638
1615129848124,141.06181168951645
1615129848574,141.03159269716286
1615129849819,139.9880323689983
1615129851882,141.59570509413192
1615129852688,140.5076438758608
1615129855765,140.0451067376986
1615129857869,138.9084040866296
1615129862944,-40.630496766878515
1615129864213,-52.00143725477799
1615129864588,-54.929310181707784
1615129865349,-59.6578960922889
1615129865742,-59.649794510547565
1615129869446,-77.55997259433673
1615129869715,-75.50504930366893
1615129870085,-74.17496162188691
1615129875232,-55.26895894395412
1615129876184,-57.33884116851424
1615129876948,-58.398977840580066
1615129877498,-57.23573010216533
1615129877942,-58.27028577018073
1615129878325,-58.301679429942304
1615129879010,-58.61247314906657
1615129879620,-57.33500789213106
1615129880085,-56.690460738321576
1615129880846,-57.06162701508753
1615129904366,-147.33487881305132
1615129905908,-141.3472849441861
1615129906937,-142.73478674627756
1615129908289,-136.06462835839443
1615129909340,-134.93160748362217
1615129909707,-134.81433719258317
1615129910090,-136.86896216920354
1615129912334,-137.70443281137324
1615129913823,-143.80599368946963
1615129915044,-142.9291102770696
1615129915526,-142.0665576657366
1615129918145,-142.2521230886338
1615129920094,-137.97591925136652
1615129920640,-137.5041851395828
1615129923235,-141.82502643354113
1615129930165,57.680070933880465
1615129931088,56.33889435180773
1615129931440,57.186003133355506
1615129934368,58.574522237037975
1615129935562,58.59130743560306
1615129936411,60.14191639791401
1615129938924,61.23409132837007
1615129939261,60.53351752412562
1615129941284,59.88401972321674
1615129944330,58.42333077027264
1615129944704,56.43063792389366
1615129945478,56.13194939322532
1615129955520,126.98575054706544
1615129956507,133.28923120052582
1615129957515,132.9692692255271
1615129959782,142.91340988271895
1615129960996,142.5676395641249
1615129961419,142.5190665271318
1615129963434,141.86660711989683
1615129964029,144.60508964848444
1615129964472,142.73960964392595
1615129965090,141.21040657559075
1615129966661,140.06922836890996
1615129967405,140.26721072820214
1615129973789,139.5372375800072
1615129974220,138.82247045025846
1615129978749,-25.563075120195563
1615129981675,-42.46262993410607
1615129985071,-40.17134840014824
1615129987136,-37.713782123063915
1615129987482,-37.69154120029984
1615129987799,-38.142977618221465
1615129989261,-41.14489287120791
1615129991841,-37.78124273679166
1615129992170,-39.08358371292877
1615129992658,-40.50150685435069
1615129992998,-40.361841442493656
1615129993914,-42.87553272630968
1615129994579,-43.915785667953195
1615129994901,-41.355355662318935
1615129995508,-40.87399256314713
1615130013783,170.5935157830991
1615130015222,172.0296019407393
1615130017284,179.34432138464842
1615130018875,-175.741867212401
1615130019044,-174.470976369926
1615130020732,-176.01504319216514
1615130021080,-176.7313762230207
1615130022088,-171.85395610425988
1615130022458,-171.65388760336046
1615130024117,-176.9809053406807
1615130026146,-179.52081486923285
1615130028403,-176.93674594132514
1615130028746,-176.2650013035522
1615130029255,-176.50486872720862
1615130038129,65.55843177226154
1615130038528,63.44892740208238
1615130038958,63.22157106581855
1615130040467,63.551695004300164
1615130041587,62.274971024681044
1615130041968,66.31111733407724
1615130044637,64.16803471162027
1615130046257,65.43988384003758
1615130048314,67.77925577017972
1615130048656,63.97160688471468
1615130048964,64.63559485362238
1615130049286,58.62197122055249
1615130050779,59.80347467543702
1615130052502,63.769023788107326
1615130052828,63.767605176218176
1615130053697,64.50914252582204
1615130054762,60.512921132224065
1615130066049,101.62286257502416
1615130066812,101.797599051
1615130067420,102.96352780248198
1615130068070,99.49835779615798
1615130069710,99.38350049363093
1615130070127,98.91526766575365
1615130070726,98.30157343760929
1615130072495,96.86515598814583
1615130075869,100.37754789246883
1615130076175,101.48677310898842
1615130079329,108.79849716201862
1615130081594,109.8601809499514
1615130091416,-39.468353402921
1615130091824,-38.43075673079853
1615130092350,-39.80795383958503
1615130093239,-41.5113494023763
1615130094389,-43.90619725082832
1615130094853,-46.982900367375336
1615130095652,-50.292054384663835
1615130096375,-48.703337894997176
1615130097525,-49.95138825082062
1615130098340,-48.69957594858127
1615130098855,-46.25810461911398
1615130102192,-49.06875348531537
1615130103303,-47.69442164613664
1615130105389,-47.94329698324001
1615130139780,-113.1865525424544
1615130141029,-112.17502253483578
1615130142000,-112.95271852704967
1615130142406,-112.30457067231264
1615130142897,-112.42878386467119
1615130143462,-113.44775776284078
1615130144206,-111.62540812154093
1615130145055,-111.54180963731864
1615130145462,-110.6926968493706
1615130145917,-111.56590752976179
1615130146253,-111.83344366604042
1615130148985,-113.9254747243322
1615130149302,-115.14929788188161
1615130149678,-116.14239623727964
1615130149985,-114.30153536079713
1615130150557,-114.09418611460124
1615130151019,-112.6000156967443
1615130151365,-112.72859782977582
1615130152029,-111.20067172201674
1615130152235,-110.72118414712591
1615130154133,-111.714952714177
1615130154965,-111.26999263715089
1615130155409,-111.25358699854677
1615130156522,-114.10197820531234
1615130157948,-117.81390642343241
1615130168264,123.53916367378578
1615130169700,122.3375718204134
1615130171254,122.73312684383697
1615130171665,122.54818417487898
1615130172392,122.81121549043162
1615130172724,124.25024959386853
1615130173965,125.17113061296679
1615130174450,123.76671929668038
1615130175990,117.58700070102849
1615130176533,116.29201540535284
1615130177753,117.56492533498415
1615130178225,116.6049436335667
1615130185550,160.64480103044085
1615130185958,170.0151965117035
1615130186644,154.38637308670226
1615130190044,171.0596341689677
1615130190453,-161.46237466581874
1615130190769,-174.42733728773928
1615130192252,176.21202246312646
1615130192811,-141.22055747045349
1615130193597,-167.07239556934366
1615130193959,-164.09041817782702
1615130197077,-167.97525151747604
1615130199785,0.33583584879080525
1615130201218,-124.16010188230086
1615130202561,-168.0551772163192
1615130202916,-18.955406237142128
1615130204630,-5.079060678280956
1615130208922,50.80255133619241
1615130212055,58.177592075591825
1615130213006,56.69651557870962
1615130213762,57.78644039274137
1615130214055,58.52418343333514
1615130215256,59.42218818024548
1615130215939,59.095285821192775
1615130216585,59.31986700967661
1615130217657,60.667745488637884
1615130222168,61.63501140008303
1615130222631,61.28213540195682
1615130223379,61.79455646774782
1615130225087,64.26929388891863
1615130226793,63.04123996401995
1615130227238,61.39995079492198
1615130251966,-162.34768674558097
1615130253802,-162.49840056776296
1615130254328,-163.25065485071732
1615130254791,-163.12297389560084
1615130255221,-162.77746457200809
1615130255826,-162.02973632982687
1615130256312,-162.40664282903887
1615130257852,-160.48615401295754
1615130259063,-160.1456712711655
1615130259747,-160.33734696985704
1615130260154,-159.75874629673623
1615130262062,-159.28193591255388
1615130264702,-158.75091250988666
1615130265094,-158.29914853155742
1615130265753,-158.5149607906847
1615130266108,-157.97496078438922
1615130268358,-160.5432010152044
1615130268707,-162.08934244359935
1615130269656,-162.14295278166205
1615130270104,-160.9086516086777
1615130273921,61.024692704354365
1615130274244,54.15939381672357
1615130277214,52.318331465602974
1615130277580,52.28144548553598
1615130282516,54.24853071069046
1615130282916,54.06716559796175
1615130283425,56.31999013934792
1615130283789,56.74615728993139
1615130286435,56.974571524005725
1615130286762,55.99697176387159
1615130287152,55.27423874692213
1615130287406,54.52462674692757
1615130288033,54.591534693336634
1615130289044,55.01556422726701
1615130289751,53.61383813999776
1615130290357,55.086859900673055
1615130297156,95.12981233910553
1615130300627,97.08340346604736
1615130300991,97.00748938733946
1615130302954,97.3348447043703
1615130303407,97.82853829127646
1615130304631,97.47044164329725
1615130306341,96.36187291774708
1615130306672,96.29730994320697
1615130306997,96.49261709751713
1615130307368,96.87830891963137
1615130308570,95.4899439948551
1615130311686,99.0636481341644
1615130312939,95.69528698857323
1615130315247,95.25842686396007
1615130324642,-43.95599574784698
1615130324908,-44.675140743845134
1615130325604,-43.553019938223656
1615130327698,-49.03653297808145
1615130330186,-50.76228112301767
1615130330839,-51.73993441545314
1615130334879,-44.830527419839285
1615130335364,-44.665186215318386
1615130335826,-44.33962724975769
1615130337842,-44.68979488747958
1615130338877,-45.45682101595597
1615130342663,-46.503863272937544
1615130360253,-151.0719141935076
1615130360956,-151.16821866576427
1615130361500,-151.1916863954163
1615130362514,-150.77566002352452
1615130363321,-148.83181360881625
1615130363766,-147.55682621827393
1615130364559,-147.48403318649997
1615130364980,-147.86889320486617
1615130367268,-147.71284155645694
1615130367754,-146.40718101426484
1615130372218,-145.70583215298439
1615130374160,-149.39321871141064
1615130375060,-149.559902170585
1615130375776,-147.9813035813121
1615130377371,-148.86455364169817
1615130377860,-148.14953012721207
1615130382826,65.6549862661709
1615130384691,60.89401021136256
1615130385140,58.6878321473035
1615130386004,58.17092920676597
1615130386552,57.95840961557983
1615130386982,57.598460646671114
1615130388636,56.976673245954565
1615130389507,58.28361081210034
1615130391426,59.1372838965193
1615130394558,57.07171082478378
1615130395181,58.89155802937544
1615130396240,58.94954067242805
1615130396787,60.62760452414292
1615130398581,59.76234075126985
1615130399108,59.35722953557314
1615130399756,61.76216529193661
1615130400467,61.054701870180025
1615130401733,60.322953360688764
1615130409036,115.39468424145201
1615130409360,115.68636108401954
1615130409806,115.54149767277183
1615130411495,117.88540961722916
1615130411843,118.4485855393054
1615130412285,119.01438706848451
1615130412569,119.10978511722034
1615130413055,120.0561040113312
1615130414371,118.56908607347853
1615130415202,120.85412875677495
1615130416534,116.7672773044742
1615130417369,118.69731376130653
1615130421485,123.69363021356317
1615130422376,124.44091167340446
1615130423548,120.72243068873686
1615130427188,115.95419126533113
1615130439659,-37.192274844638405
1615130443365,-28.752788802016582
1615130443768,-27.074665305816733
1615130444858,-31.82963403069167
1615130445969,-33.60690516246057
1615130447595,-32.43351808732594
1615130447953,-34.18456373677362
1615130449817,-30.467050832589983
1615130452905,-28.191030543078533
