TIMESTAMP,STRIDE_LENGTH
1615126685985,0.6118938731831047
1615126686309,0.6434453354474479
1615126687604,0.5818315199648327
1615126688856,0.7107578684269633
1615126689173,0.5842967590039394
1615126691905,0.5481377683963506
1615126692399,0.5861910363738221
1615126694497,0.45497740099900597
1615126695524,0.46081787368136284
1615126696619,0.5029044155707862
1615126697807,0.5459297986226086
1615126698642,0.5549292243806403
1615126700274,0.4745553697834026
1615126701559,0.4920272640018952
1615126701936,0.520344903139125
1615126703767,0.49355546271903306
1615126707745,0.6490216407771487
1615126709298,0.6143283080701123
1615126710080,0.8075055862152913
1615126711035,0.5575473748976867
1615126711908,0.4749549504149553
1615126715790,0.6177030998102917
1615126716227,0.45615351426759765
1615126716610,0.5324393259239513
1615126717197,0.5003880199129851
1615126717935,0.4615896079318138
1615126719030,0.5634729458772292
1615126720894,0.6533251770432569
1615126721280,0.5266748635268537
1615126721688,0.5562205065385073
1615126722168,0.785442142197198
1615126722595,0.7491012549940235
1615126723083,0.5226834423995763
1615126724803,0.7946468559025743
1615126727324,0.6730994765628562
1615126755084,0.5288946688927654
1615126755503,0.4926724142828365
1615126756622,0.8036892068017409
1615126756985,0.48806667380412727
1615126758403,0.8144163940144122
1615126758907,0.5531242909518164
1615126759328,0.6213440954119787
1615126759774,0.653124971268968
1615126760119,0.4524152099069001
1615126762405,0.6975400673657484
1615126764426,0.47201541140744485
1615126766441,0.5954241747745626
1615126768918,0.846251964465029
1615126770755,0.5426628005376211
1615126771109,0.7094506868044281
1615126775907,0.8368340875397373
1615126777241,0.623798912799407
1615126779022,0.46153786800020136
1615126779344,0.6895573553109013
1615126779693,0.722587106129573
1615126780158,0.8222828867980159
1615126780606,0.7895581111011274
1615126781203,0.5338811983673897
1615126783532,0.6086058269603045
1615126787558,0.5679799953220965
1615126787942,0.7567039333300629
1615126789431,0.49975310658448624
1615126789776,0.6961090534775516
1615126792264,0.6961215598925352
1615126792507,0.531959648673288
1615126794628,0.5870093749952887
1615126795054,0.507912410779674
1615126800636,0.7179985176454817
1615126803461,0.4517838404093266
1615126804621,0.7894004999538973
1615126804920,0.5507869745656702
1615126810136,0.6185382722170307
1615126810825,0.4788351446395711
1615126815615,0.5433920536897863
1615126817619,0.4881768932212638
1615126818265,0.5356446494463785
1615126818671,0.45518401169748923
1615126825503,0.68130095512417
1615126827041,0.5688201061738052
1615126827506,0.528065856985197
1615126828089,0.5795971183593807
1615126831082,0.4674326655707495
1615126832462,0.7230570637131983
1615126833104,0.5861793782119629
1615126834032,0.7039060166723887
1615126834837,0.5003190727408169
1615126835126,0.7444479628637946
1615126837472,0.6209443315208019
1615126838009,0.538682724969789
1615126838772,0.6207512169165441
1615126841052,0.6388851499440606
1615126842507,0.47523639956054464
1615126842960,0.5631504758818795
1615126868865,0.6812677506430387
1615126869264,0.4953958367458866
1615126870569,0.7231248508884747
1615126871087,0.8050092878656778
1615126871398,0.7965390499320668
1615126872210,0.4852752514223646
1615126873950,0.6692182956449566
1615126875377,0.5534146868768863
1615126877886,0.6881273882904237
1615126879888,0.5442403792099337
1615126880416,0.5610197633486025
1615126881388,0.7497532788669969
1615126881729,0.8106205585025983
1615126882967,0.627571076098411
1615126891065,0.7665376595175966
1615126891859,0.5692005964414348
1615126892835,0.8457495579195129
1615126893761,0.6509832491761336
1615126893937,0.6643786590249356
1615126894449,0.6881341767626115
1615126894746,0.7889062593712137
1615126895980,0.5274697070412504
1615126898629,0.6237219654311832
1615126899465,0.4840062661897804
1615126900223,0.48274824691297624
1615126901078,0.5028312616109631
1615126901663,0.4610234571895533
1615126902289,0.5156239260602669
1615126902570,0.5111265151080735
1615126903545,0.47816004168621085
1615126904636,0.5075551242655196
1615126905324,0.5688369615163769
1615126908042,0.6511188638663845
1615126908878,0.4777209663123716
1615126909247,0.48858691039499025
1615126910101,0.4534416922561202
1615126916137,0.7887209011272334
1615126918626,0.6082754788234457
1615126921613,0.7263808745929112
1615126923196,0.6525550906353983
1615126923697,0.48208412998708705
1615126927863,0.5173584326394487
1615126928731,0.5420961574641414
1615126929402,0.6654957900534986
1615126929762,0.5623849149049942
1615126930272,0.7368017083681577
1615126931153,0.7658727103640173
1615126932659,0.45472397256715924
1615126941148,0.8403555326239953
1615126942382,0.5740168295046666
1615126942816,0.7604831513164945
1615126943254,0.7219621826102274
1615126943814,0.5575321920815857
1615126944384,0.6304586986008132
1615126945312,0.6515743451428169
1615126945983,0.7584140414766505
1615126946762,0.49396887687627733
1615126947960,0.4631160459904493
1615126948282,0.523141174225602
1615126948818,0.7698574912112921
1615126949398,0.7265263785172305
1615126949899,0.4636169957743841
1615126950933,0.46527865092997556
1615126951389,0.7151624930269385
1615126953502,0.6618189592636881
1615126955140,0.6021907379934732
1615126955927,0.5110505962384226
1615126956837,0.6588571185118997
1615126957638,0.6969890443596216
1615126959432,0.5595338555232832
1615127003630,0.6592326266365611
1615127004393,0.6265444476676907
1615127005720,0.7712211401997271
1615127006433,0.687715326677063
1615127006842,0.6247860811191519
1615127008230,0.5476617534587069
1615127009039,0.48838997477453905
1615127009393,0.6602491236418795
1615127010737,0.7575221674560273
1615127011017,0.523252179480147
1615127011747,0.8260161510968389
1615127012068,0.8165453233479347
1615127017662,0.7688939781637316
1615127018237,0.5262741838183715
1615127018783,0.48311974280914827
1615127019239,0.6079628125886261
1615127019389,0.673771835735647
1615127019733,0.45029642649402124
1615127027030,0.7682178510068427
1615127028527,0.7375190933758557
1615127030656,0.5275441521102797
1615127030991,0.45915916304246185
1615127033377,0.5769481225959772
1615127033694,0.6255225629094752
1615127035613,0.6527356116392302
1615127036920,0.6394500464319841
1615127037279,0.5627760196788612
1615127040020,0.5162002631431983
1615127040800,0.5608334830686346
1615127048864,0.8451967857054243
1615127072505,0.5484225875894211
1615127073168,0.6152180202838986
1615127074178,0.5572562496044742
1615127076119,0.7273328400766799
1615127076501,0.5368968017047149
1615127077663,0.5959089027764697
1615127078786,0.7876254766859214
1615127079213,0.5663820634794947
1615127081102,0.7181517622929534
1615127083337,0.48175784746248507
1615127083660,0.6707466127762196
1615127083947,0.6349737104064712
1615127084349,0.7071664035352998
1615127086854,0.8385280771741066
1615127087313,0.657684197688776
1615127087673,0.7868910367122406
1615127088532,0.7443686623867896
1615127089744,0.6913602397544472
1615127090052,0.8374311276161717
1615127090393,0.6988955643907324
1615127090742,0.5281786442775127
1615127091004,0.5481329057478668
1615127128605,0.7494968456530438
1615127129940,0.4994392356677657
1615127132398,0.5356579134560124
1615127132896,0.5468477744785583
1615127133263,0.6464469088949065
1615127135212,0.497122840197769
1615127135735,0.7239870044894192
1615127136437,0.8081963177011098
1615127137600,0.8176159707371633
1615127138068,0.4990691200607067
1615127138494,0.6424360694545517
1615127140096,0.597843097537718
1615127141242,0.5427607615913532
1615127142776,0.4760356350594641
1615127143153,0.6574166002031856
1615127144257,0.8210800710859079
1615127144718,0.5255184814350444
1615127144925,0.4970116384926748
1615127145544,0.7104359168571328
1615127150868,0.7911717674551455
1615127151228,0.5794842012065327
1615127152263,0.5552660191585801
1615127152640,0.6643036502634669
1615127153916,0.5672348768998736
1615127158989,0.7407111961242707
1615127159854,0.4875704432367467
1615127161657,0.4497100914019625
1615127161901,0.6217785467467696
1615127165138,0.5194244369712986
1615127165819,0.7606157354018483
1615127166132,0.5576970954465854
1615127166692,0.605492466339328
1615127168763,0.56129611903597
1615127173192,0.5785983628149527
1615127176337,0.4930498910853287
1615127176704,0.44701337498515015
1615127177941,0.6901579147496406
1615127178362,0.603944976361015
1615127178743,0.5544715886246032
1615127179958,0.46358808246809824
1615127180261,0.6196809239403844
1615127181211,0.5589151378158186
1615127181554,0.6875743643043619
1615127182322,0.5492214924193783
1615127183242,0.4603075741589113
1615127183599,0.6356044966452501
1615127196366,0.7660246758869294
1615127196515,0.6072494523911232
1615127197726,0.619194997725705
1615127198393,0.6747685791932445
1615127199222,0.4640776525013046
1615127199892,0.47593245235481696
1615127202241,0.8086040716022735
1615127202641,0.6366502881591907
1615127204642,0.7133262668148965
1615127207719,0.6766626416646948
1615127212627,0.6394952299668843
1615127213495,0.6910366764647724
1615127214502,0.5798487673952402
1615127258306,0.7878572795631944
1615127260179,0.5453212028951715
1615127261978,0.789133264563614
1615127262674,0.8086776625591585
1615127262990,0.722626619820449
1615127265176,0.6498874086746387
1615127265591,0.7577753854649683
1615127265862,0.5513241457903784
1615127266232,0.5867352319940755
1615127266795,0.613802538636119
1615127267518,0.8024282416520279
1615127269723,0.49666389787167975
1615127270318,0.4934982013365441
1615127270655,0.4636380861560252
1615127271111,0.8377970104797783
1615127272053,0.5978590984004428
1615127273851,0.7574005230345948
1615127275386,0.5635972509428333
1615127275790,0.4861742353969134
1615127276661,0.7914273699648999
1615127279749,0.5988906438164654
1615127280034,0.4927362449364625
1615127282015,0.4773257399493547
1615127283622,0.7925940465384196
1615127284757,0.7176795878160358
1615127285130,0.5803902747416001
1615127291072,0.6757821862164759
1615127291484,0.49920304810684657
1615127294287,0.4641676004371975
1615127297145,0.6689668863091636
1615127297462,0.7674252271795101
1615127297766,0.5802062743631997
1615127305258,0.6079926334629127
1615127306640,0.5387489304598292
1615127308118,0.4720272424987315
1615127308533,0.5494778903689901
1615127309208,0.4943209260734416
1615127309550,0.5353022480739766
1615127309957,0.4779014402347448
1615127311799,0.5037246854152344
1615127312359,0.617332879081518
1615127312950,0.8144408651217994
1615127316973,0.7383713183505924
1615127317354,0.5186316659383516
1615127318838,0.7900603777591653
1615127319133,0.8149549232805464
1615127319884,0.49239536454356303
1615127320365,0.6703110510193011
1615127320833,0.46475364312113854
1615127322389,0.46160718553709845
1615127323337,0.6688116267406818
1615127332337,0.7137113956860608
1615127333474,0.5861029848334831
1615127337010,0.7308516459866188
1615127337551,0.6415232062070653
1615127337940,0.5431056789276889
1615127341772,0.6291991482753878
1615127342469,0.5988477767721112
1615127347198,0.5967362194071857
1615127347780,0.48227942070461105
1615127348209,0.7533546721936013
1615127367747,0.8189609455154334
1615127367960,0.6319191456852935
1615127368688,0.7265835608020144
1615127369982,0.5277254099976658
1615127370326,0.6994099255563357
1615127370850,0.5892585611611467
1615127371867,0.5564539064600538
1615127372335,0.8107072281129069
1615127374776,0.6689150016425172
1615127377698,0.6489956570092847
1615127378614,0.4707878597980497
1615127381899,0.6092347972768808
1615127382153,0.44932372176994084
1615127383406,0.7154676501653467
1615127384154,0.8324160046895479
1615127385070,0.5029473481393532
1615127385590,0.5859572029117488
1615127390541,0.7478585904182333
1615127391289,0.7755586485624177
1615127391963,0.6166117103732005
1615127392489,0.5667742313057911
1615127393184,0.760591550781522
1615127396551,0.5330132071915616
1615127397186,0.6677849083326026
1615127399318,0.5044977929076588
1615127400187,0.6335023704288201
1615127400552,0.8164887191022441
1615127402176,0.49810240685254303
1615127402656,0.7460589219080971
1615127402960,0.5040025559232841
1615127403343,0.7731627161242294
1615127403782,0.5891123128921683
1615127405659,0.46291923858670536
1615127406259,0.5661544397300422
1615127407423,0.44756622359946485
1615127407829,0.6678146366461934
1615127408263,0.7355400213652574
1615127413473,0.67983561725801
1615127413834,0.44702080538818634
1615127414160,0.5478510437939632
1615127415549,0.6803862285272189
1615127416180,0.7629998035760555
1615127417542,0.8128337721646006
1615127418747,0.4939018381960769
1615127420233,0.5000976812955771
1615127420892,0.6022351612295462
1615127421471,0.796219891827662
1615127422588,0.7186574208004759
1615127425864,0.4982369810602705
1615127426470,0.7327606046145474
1615127428682,0.4689332284155068
1615127429040,0.7694024282935708
1615127429738,0.5516386183280453
1615127439558,0.6392295429088335
1615127440425,0.8032646819599443
1615127441390,0.5281317153468013
1615127441855,0.7650679634582835
1615127443072,0.5503758787635138
1615127443659,0.705775023758739
1615127443859,0.5434567560437342
1615127444898,0.45899172371859254
1615127445720,0.5401610342138541
1615127446020,0.50553408057885
1615127448005,0.804502031000266
1615127449275,0.5469662448814994
1615127449557,0.5703946832773343
1615127451746,0.7590170322807721
1615127452555,0.8237938125716582
1615127453081,0.6240355456651658
1615127453624,0.7840521583869631
1615127454166,0.5417075746302646
1615127454613,0.7819855612869353
1615127515087,0.779535076171548
1615127516139,0.5056443458391024
1615127517428,0.5980948624497728
1615127518301,0.5154184279491492
1615127518845,0.5155352216166398
1615127519227,0.49920693846876585
1615127520137,0.4831101152164585
1615127520504,0.5146859147963678
1615127524119,0.6054680765915932
1615127525780,0.458102590428352
1615127531232,0.7091675575419498
1615127532183,0.4623896564482899
1615127538181,0.5772045006776283
1615127538352,0.6889067789890935
1615127539060,0.5675697656134471
1615127539490,0.48687461309915747
1615127539873,0.4634021611383532
1615127540698,0.4486316149405667
1615127541064,0.6646771082392244
1615127542578,0.5484800979132509
1615127542902,0.5837600909183216
1615127545878,0.810651960899258
1615127546220,0.6318140489960222
1615127546570,0.617868677305986
1615127547536,0.559039542496429
1615127548136,0.4602601178961718
1615127548483,0.7617779189237339
1615127548989,0.7037149675007459
1615127549517,0.7988493557673104
1615127550619,0.5228845947117633
1615127550966,0.5965635515261059
1615127551495,0.7205738714705645
1615127552204,0.5592419726642239
1615127552673,0.8053847816773252
1615127554874,0.5813997873364585
1615127555277,0.5146753664145898
1615127555606,0.45074078570889853
1615127556036,0.6911760952611035
1615127556568,0.5793187742765582
1615127557256,0.4593703277096206
1615127560942,0.7525110584146577
1615127564030,0.6668459499905377
1615127564476,0.7581043526212139
1615127568153,0.6149275390012909
1615127569307,0.5817308027993451
1615127569769,0.7950793255338207
1615127570189,0.513839421355109
1615127575137,0.6447794372861559
1615127576072,0.4863958783715505
1615127576870,0.6209357139735161
1615127588899,0.45776759468041717
1615127590295,0.5904359825809824
1615127591772,0.7021349712132119
1615127594226,0.5115895682545435
1615127595629,0.4930819558372157
1615127597529,0.6448037565919851
1615127598885,0.5553008178565733
1615127601634,0.611352571659507
1615127603010,0.8426497167566427
1615127603559,0.6251637686211753
1615127604465,0.5746326738179053
1615127648428,0.5965262691717121
1615127648964,0.6321564364170607
1615127650887,0.7892084164488156
1615127651752,0.7515978060363038
1615127655191,0.5639243323015042
1615127655795,0.5641654943208718
1615127656574,0.5498459655280452
1615127656932,0.4845232225892082
1615127657316,0.7200702406874671
1615127657940,0.6074977257519998
1615127658287,0.48114483297941324
1615127658915,0.5903727909859124
1615127659232,0.6962850607137105
1615127659637,0.5289842154252744
1615127660308,0.6248864267488008
1615127661890,0.6903796991802746
1615127662228,0.5031346350719557
1615127666233,0.5018154388779128
1615127673104,0.4701590503609965
1615127673497,0.5962297875030864
1615127674805,0.619868370166099
1615127675284,0.7582855072185368
1615127676681,0.8235108647226141
1615127677975,0.4895540933164755
1615127680535,0.5275983285812158
1615127682056,0.5507166510695405
1615127684932,0.5097149650614052
1615127685555,0.6314301871032701
1615127686303,0.5942984944713947
1615127686589,0.4656760089713696
1615127686996,0.4949456810620112
1615127687381,0.6492870671265916
1615127689886,0.6890817818299655
1615127693887,0.8344486429903797
1615127697427,0.6786922850659516
1615127699163,0.8226270030028671
1615127699504,0.7812750805196367
1615127701364,0.5941077422604879
1615127702597,0.5091907258163442
1615127703486,0.5234030498646591
1615127703689,0.4561400565293505
1615127704156,0.8246980740949916
1615127705189,0.5851390700203285
1615127705700,0.4922542278114217
1615127706407,0.6098309652043388
1615127709338,0.7024144202038962
1615127710066,0.49188111168073645
1615127710608,0.8132169578287995
1615127710858,0.49101736250924954
1615127711715,0.46930487220672834
1615127712854,0.5381293810202847
1615127718251,0.7947502353337699
1615127720434,0.6244393812571525
1615127720891,0.7163093474235716
1615127722634,0.4565648505858211
1615127723528,0.5715498119044049
1615127724376,0.47031852320335465
1615127724871,0.5672571366723289
1615127726274,0.6642604679412922
1615127728936,0.6804038666616585
1615127729351,0.7806020767453303
1615127731105,0.5660196438176102
1615127732270,0.4978840965157916
1615127732751,0.7241977889474305
1615127734164,0.5887289519979155
1615127734772,0.714570673155519
1615127735170,0.7890103978214502
1615127735907,0.4696503216423753
1615127763275,0.4608303644035361
1615127763656,0.5271978148850509
1615127765880,0.7194989599185431
1615127766676,0.5404020242629703
1615127766992,0.7908388302556957
1615127768606,0.4473397845207838
1615127769337,0.5137466443990013
1615127770199,0.48021633515426765
1615127770772,0.7711345561269289
1615127771000,0.6467554967068301
1615127771871,0.535971540243726
1615127772171,0.6403917776686063
1615127772695,0.759071891762183
1615127773085,0.7571007102749627
1615127773467,0.7778952733698097
1615127773950,0.4762608097478893
1615127775067,0.5131469135798716
1615127776802,0.5680459062710186
1615127777307,0.5510088018118986
1615127777719,0.5392844004819353
1615127779136,0.524650783029601
1615127779643,0.565954504098608
1615127780050,0.5932379447819125
1615127781346,0.6079041144070974
1615127782665,0.5516471829322878
1615127787694,0.7219774262808132
1615127788423,0.8279991679350118
1615127789478,0.7129738189315216
1615127789912,0.48663749452490856
1615127790290,0.7172464452531657
1615127791060,0.5126387931039367
1615127793438,0.8379553396861872
1615127794803,0.4579091002590818
1615127796032,0.6684047748694222
1615127796534,0.5966455244415614
1615127797392,0.5114142233250374
1615127798230,0.8315575799120101
1615127798391,0.8405916283412851
1615127798747,0.5972141892127936
1615127799176,0.6730561901852172
1615127799493,0.8134133326612414
1615127802374,0.7812156337017417
1615127805144,0.6089799063822099
1615127805531,0.49691835098075954
1615127811976,0.8107714351210338
1615127815352,0.6688051969826159
1615127819781,0.6000607988895768
1615127821272,0.45567358902479427
1615127822294,0.7768149611111097
1615127822581,0.7662408775950458
1615127822877,0.5819652880765003
1615127823331,0.5092494391916258
1615127823570,0.4967069860491491
1615127823817,0.7290553873896477
1615127824305,0.5593039920984055
1615127827053,0.5734430207063435
1615127827685,0.5843011673744813
1615127828412,0.6679691141141642
1615127829809,0.47730782089382195
1615127830417,0.7734724029649809
1615127835343,0.7771624238386232
1615127838404,0.5406096339800981
1615127839051,0.815452041188055
1615127839960,0.5601703821091297
1615127841094,0.6825862265728533
1615127841703,0.5762679856071917
1615127842476,0.6485236018963658
1615127843718,0.6020655995006319
1615127844849,0.5504439319788235
1615127845216,0.5024944808602694
1615127846568,0.6060337057895793
1615127848271,0.5941810163390426
1615127849180,0.565736026238165
1615127851279,0.5350129833127459
1615127851838,0.6529631811346648
1615127852938,0.5333140613683796
1615127854640,0.78344737675755
1615127872913,0.7302896407926862
1615127877220,0.47869764830904993
1615127878336,0.8059815947746074
1615127879994,0.7004872915490279
1615127882041,0.7795661259258524
1615127882414,0.7163331092832015
1615127882966,0.7915832701290815
1615127883286,0.7906766575583746
1615127883628,0.5040523155872834
1615127887003,0.7290504628445593
1615127888949,0.6347609947996891
1615127889740,0.591287998001282
1615127890322,0.48371044874539026
1615127890747,0.7197020302675694
1615127891088,0.5293881610515694
1615127892039,0.5097965225885337
1615127892827,0.7198223599768028
1615127896081,0.5176012730089918
1615127896384,0.6784322023193656
1615127896804,0.6505408704714188
1615127898125,0.7889887910069726
1615127898979,0.47501824789456304
1615127900124,0.46907568168345515
1615127901156,0.7746777210021061
1615127901682,0.556055562590394
1615127902673,0.8142189931079713
1615127904554,0.5420660528913235
1615127907159,0.5292668803489886
1615127907586,0.4885508076805456
1615127915077,0.7864762765583655
1615127920346,0.45376322978829986
1615127923271,0.8028006064837401
1615127924286,0.6600205446778129
1615127924912,0.5077050951372741
1615127925559,0.4760752249415767
1615127926429,0.5721633610809329
1615127926699,0.670812153498046
1615127927746,0.45247466699656513
1615127930594,0.4552012626860402
1615127942218,0.5353241773064732
1615127944700,0.6773862406288289
1615127946320,0.5502238703078177
1615127947247,0.5874983206229545
1615127948204,0.6978258766812362
1615127951033,0.5488752794504248
1615127951904,0.4558814259634836
1615127954029,0.7321378271159229
1615127955240,0.5763168364386018
1615127956069,0.5128345769498555
1615127956728,0.5260884603516458
1615127956920,0.4631041686896531
1615127958936,0.5967798717734407
1615127959303,0.5986298227350262
1615127960806,0.5927880807954233
1615127981245,0.8243313595287882
1615127983725,0.47696897162236684
1615127984194,0.5436588559817923
1615127984820,0.5877915514891396
1615127985833,0.7411721336941668
1615127986281,0.5730309908305387
1615127988059,0.7208044079278253
1615127989027,0.5522884535995554
1615127989490,0.6658511797756894
1615127990336,0.5089130823124965
1615127990662,0.798786341311134
1615127992746,0.572400726205119
1615127993918,0.8454553069116533
1615127996040,0.5552473547840675
1615127997388,0.5691937417923565
1615128005894,0.7345133285606975
1615128006774,0.5119935542536469
1615128008152,0.4926415662434436
1615128010921,0.538455864962879
1615128011745,0.5170220162453965
1615128012132,0.522009637282348
1615128013284,0.6340313441648338
1615128015871,0.4745112989711897
1615128016335,0.5579372961689177
1615128017893,0.5698860139330253
1615128018245,0.47359842306336386
1615128019189,0.6399494420313645
1615128019658,0.5893230640913671
1615128021140,0.4767536706223785
1615128022967,0.5362544673393277
1615128023404,0.6377037033511002
1615128030492,0.5711371123430697
1615128031056,0.6112446493279089
1615128031459,0.7330158687840993
1615128032789,0.4749656742710284
1615128033080,0.6320941104673827
1615128033827,0.4743259486248719
1615128035262,0.6454762308748574
1615128041034,0.6372331382305907
1615128042438,0.7276827615483183
1615128042843,0.6802003087146002
1615128047435,0.46879808253597943
1615128047835,0.5793145041713421
1615128052048,0.7979431245112667
1615128053097,0.5069785601353871
1615128055374,0.7108572405387059
1615128055663,0.6909527766461632
1615128056389,0.819464445171878
1615128058960,0.495189599140633
1615128061666,0.5135694992329454
1615128063039,0.5625778096654754
1615128063463,0.6702401492930643
1615128064595,0.8076592016397088
1615128064959,0.5975351940666451
1615128065808,0.4753275053262562
1615128067918,0.557599889390944
1615128069066,0.5048539670442664
1615128104590,0.7070518664138759
1615128107781,0.729416429356744
1615128108650,0.47430727805910844
1615128110365,0.4630511895916578
1615128111724,0.5999245713297741
1615128112187,0.8461212276886276
1615128113383,0.7561853147559006
1615128114200,0.5224851508525041
1615128115565,0.6944165679078085
1615128116218,0.5575525033845319
1615128117342,0.7173420038895462
1615128118363,0.6998963972302363
1615128118961,0.5094974055493595
1615128119447,0.6126576447238474
1615128119791,0.5440840124926594
1615128120453,0.8176609337070606
1615128121247,0.7146037357618551
1615128121770,0.6459426442869631
1615128127251,0.6579094257475226
1615128128078,0.8349390190856498
1615128128566,0.6812338312264599
1615128129877,0.48495195261251123
1615128130321,0.594512489015373
1615128131979,0.4906249701182297
1615128133175,0.5327881339143392
1615128134734,0.6829988340256143
1615128136258,0.5213331287469636
1615128136918,0.4633298977126499
1615128137647,0.5687788823721762
1615128140672,0.575375035193324
1615128141122,0.6436285422661236
1615128141535,0.526960192126491
1615128141953,0.4549166358098189
1615128143159,0.5660610257383802
1615128150259,0.5225155501498935
1615128151885,0.6563472403726167
1615128152651,0.585211207969436
1615128153818,0.4560583483895764
1615128154230,0.5054255865115298
1615128156022,0.7787589692195529
1615128158507,0.5324396292869693
1615128158890,0.7224592296329413
1615128161927,0.5644470512478117
1615128162888,0.724924652140555
1615128165339,0.814915338451565
1615128166166,0.6150950464931615
1615128168128,0.5838567588829946
1615128175428,0.5308357147685061
1615128176132,0.5228613476777522
1615128176783,0.49121835025674465
1615128179258,0.8379607006160672
1615128179755,0.613024517796602
1615128180748,0.6386406000469547
1615128181451,0.7631743183070383
1615128181757,0.6312988448140555
1615128182564,0.5440809697711679
1615128183100,0.5458360879748136
1615128183775,0.6058370643644329
1615128186911,0.5459079926402655
1615128187509,0.46253172740391313
1615128189135,0.6423107476692125
1615128189575,0.6272442466838757
1615128190086,0.6610573136480347
1615128191610,0.5282373551735942
1615128191985,0.763777776929534
1615128242201,0.80317152428934
1615128243335,0.46268199980378677
1615128244044,0.8091443664410192
1615128244308,0.5106559659490129
1615128245089,0.6536452370565993
1615128245910,0.5510892460648442
1615128247136,0.6441922289770052
1615128248486,0.783506005982022
1615128249238,0.7522928516925764
1615128249974,0.7389914889019156
1615128251182,0.49785165485680904
1615128252435,0.7922090064085796
1615128253107,0.4688945421532431
1615128253647,0.6875408305985364
1615128254309,0.6592755817042439
1615128254828,0.8150883992646019
1615128255609,0.5220720276399815
1615128256340,0.7430656806030678
1615128258274,0.49895853922614086
1615128259026,0.45243831152944836
1615128259346,0.5480441122833823
1615128259974,0.8284085152360143
1615128260637,0.5485239485035531
1615128260967,0.5922938139774458
1615128261550,0.6691391585850748
1615128266708,0.6211072466837719
1615128268071,0.7382203337272686
1615128268423,0.7363579463551617
1615128271438,0.7786699639806405
1615128271743,0.5333922628094623
1615128273447,0.6592185504129611
1615128275421,0.4889206976246996
1615128276198,0.6117669769773681
1615128279968,0.7784462013525406
1615128280358,0.788398093273972
1615128281390,0.520143161304587
1615128282052,0.7679973184841327
1615128283021,0.611305263719415
1615128283424,0.48242124800009556
1615128284434,0.5609422596849623
1615128284739,0.8041659320382477
1615128285457,0.7644555869869452
1615128291252,0.828253119447957
1615128292555,0.6796326438810607
1615128292844,0.5327288788199214
1615128293294,0.4537666904931692
1615128293769,0.4682925713392905
1615128295571,0.5778485918731935
1615128295928,0.6732409457827648
1615128296184,0.5234410503710873
1615128296671,0.528170963207033
1615128297642,0.65646252823929
1615128299296,0.7637772444797131
1615128299879,0.6142304549948197
1615128300500,0.4710240872209459
1615128301873,0.4942284618112547
1615128302736,0.5559313542446787
1615128304633,0.5896698387136845
1615128306554,0.5709361849396144
1615128307002,0.613467924950859
1615128308030,0.8030334167758446
1615128314959,0.5463039773361522
1615128315449,0.7579478708514553
1615128315815,0.5174047437475371
1615128320181,0.4490869152927002
1615128321919,0.5178091281561092
1615128322257,0.6326992941417664
1615128322691,0.7541201696830913
1615128323708,0.5565752111158273
1615128324028,0.6119339537069979
1615128324427,0.5432181374073741
1615128325205,0.5003414700211206
1615128326431,0.5058233588261629
1615128327923,0.8256727408557785
1615128328635,0.6327017923297529
1615128329237,0.6285899905828662
1615128329746,0.8023825740803203
1615128360638,0.7247344429942315
1615128361295,0.6429489679748268
1615128361808,0.7355163762618255
1615128366953,0.5469559494007747
1615128368016,0.68755244101249
1615128368926,0.6049776315093869
1615128369372,0.4822210762999568
1615128372730,0.4573028655887712
1615128375008,0.7795194765670033
1615128375355,0.544182660723137
1615128375707,0.5128314611192186
1615128376100,0.7913183435028581
1615128376572,0.7708937053038434
1615128376870,0.4922904342529033
1615128377835,0.47271032061138474
1615128381417,0.5270846825736486
1615128382601,0.7150376391483593
1615128382926,0.81787514000071
1615128383776,0.6634498034561354
1615128384933,0.49627386366501103
1615128385319,0.6478637641672402
1615128386877,0.47127927117978974
1615128388656,0.5202413431583408
1615128389892,0.5226131015140334
1615128390152,0.6434604653147402
1615128390454,0.45568708139411607
1615128390842,0.793237876260795
1615128393206,0.6124257615185735
1615128393895,0.5678432868906413
1615128396683,0.576595255929091
1615128397369,0.46288092033138994
1615128397765,0.7567788402594489
1615128398136,0.4655703947138301
1615128400443,0.6577956700179666
1615128409191,0.6003138469472113
1615128410209,0.6566231009709744
1615128411120,0.6024565316779218
1615128413006,0.6258857762072667
1615128413375,0.6974210030395733
1615128415281,0.5433623838908486
1615128416184,0.7304466272287402
1615128416620,0.6536084515544682
1615128418316,0.4565345119584041
1615128419802,0.6676351611036058
1615128420363,0.7692551890973087
1615128422545,0.646929624663064
1615128431637,0.5716160022820171
1615128432526,0.5363283718722145
1615128434113,0.7258469481064811
1615128434568,0.518621984550397
1615128438248,0.663000756142289
1615128438605,0.5376769133108583
1615128440169,0.5417764296996508
1615128440630,0.48315699051383554
1615128441394,0.6512682960499683
1615128442097,0.8161526189262669
1615128443021,0.45842024814698457
1615128444961,0.7741439192129684
1615128470679,0.6506248072075604
1615128471142,0.6621993602650467
1615128471473,0.4509894262229597
1615128474356,0.7306794001349104
1615128475590,0.5008651683447873
1615128477432,0.5411741798692249
1615128477712,0.5473597359951821
1615128478100,0.6983560838298686
1615128479005,0.45833013998446637
1615128480036,0.5485008425297988
1615128481193,0.845639247155836
1615128481586,0.5235888830897539
1615128481896,0.4908348537461338
1615128482753,0.7363316339185988
1615128483317,0.4954667864580353
1615128484004,0.5228436578974616
1615128490548,0.8011504958743809
1615128491256,0.7302238625474655
1615128492028,0.5479009105216837
1615128492680,0.7470589285164042
1615128493097,0.6700645067363054
1615128493565,0.6005677688467981
1615128494117,0.5305070498840614
1615128494452,0.6344100450367152
1615128494754,0.6729556794342018
1615128496635,0.6076706094158646
1615128497749,0.6408610060861175
1615128498130,0.8071255807803857
1615128499083,0.5511565219006398
1615128499547,0.7543909030908202
1615128505008,0.6664325469244181
1615128505571,0.5262986533916325
1615128506076,0.5784824547689116
1615128508089,0.6873351729549881
1615128508655,0.6501448727924442
1615128510032,0.49280984128653005
1615128513949,0.5209494421479044
1615128514345,0.5950357324620437
1615128515444,0.6162033917181398
1615128516211,0.6297524989711056
1615128516590,0.5729400392704487
1615128517222,0.518006411817673
1615128517971,0.7883383537158051
1615128518389,0.6242947165977575
1615128519089,0.5714488175625321
1615128521264,0.4607685658806737
1615128521728,0.6549320062133468
1615128524478,0.48907387506428535
1615128526804,0.4754830874356286
1615128527533,0.5029930003692828
1615128528293,0.4979787344561326
1615128528661,0.6003028138597477
1615128529402,0.679981260833733
1615128529898,0.5646831296839583
1615128530313,0.5582957258134358
1615128530683,0.6081758559551242
1615128531917,0.5080840778351114
1615128537310,0.7625475623846567
1615128537948,0.7206160457543764
1615128540084,0.8201494774300666
1615128540811,0.8392104695266345
1615128542034,0.5415480875796286
1615128543703,0.7692824869846826
1615128545283,0.5210974364602228
1615128545865,0.5265466021993381
1615128546396,0.6479195161533247
1615128546858,0.707428641278337
1615128547570,0.6053371639565042
1615128550568,0.5219092585425544
1615128551022,0.46969759079008466
1615128551364,0.741597178034451
1615128553751,0.6599656763426909
1615128554521,0.7234620628175148
1615128554895,0.4575681076771143
1615128555467,0.5164800588041718
1615128608824,0.5845092042395661
1615128610779,0.5638039011088258
1615128623578,0.47030098763576333
1615128624106,0.7341427858565308
1615128624427,0.5761780513243209
1615128625202,0.6258260335145771
1615128625918,0.5931382411668118
1615128636017,0.6459654678813576
1615128638297,0.7122082210054126
1615128640178,0.579834934347323
1615128643513,0.6223320360903273
1615128643893,0.6244971370420704
1615128644163,0.5491123968484812
1615128644576,0.4536726817355041
1615128649563,0.5054314162476969
1615128653585,0.4600140676023856
1615128654435,0.47926323522906156
1615128655262,0.5305616259033985
1615128663193,0.6945210029616367
1615128663592,0.7038936303875709
1615128664165,0.7786518808588738
1615128664699,0.7766642666077805
1615128665309,0.7668330925294908
1615128665873,0.7035314679648463
1615128666268,0.5030316738498808
1615128666544,0.4883810396536892
1615128668646,0.5615186081383583
1615128670484,0.5051234820196338
1615128672930,0.6856951844744175
1615128673496,0.6331795722301026
1615128673760,0.5046969885340791
1615128676022,0.5203964780473891
1615128678647,0.6186561191961393
1615128679009,0.5932952344343079
1615128679444,0.6955180981770037
1615128686757,0.6580877692514009
1615128687647,0.7559693687001867
1615128687974,0.5072808905194448
1615128690254,0.481992635072096
1615128692022,0.5425116210050984
1615128695027,0.47877989410032074
1615128696605,0.5602142521687414
1615128697028,0.5502913370894691
1615128698270,0.8357327849784912
1615128699224,0.707457835215245
1615128699761,0.5470629355610057
1615128700282,0.5481930405503377
1615128701193,0.5595745452162648
1615128701921,0.5683126697668017
1615128703876,0.5555284363273549
1615128705064,0.5145297143427896
1615128751533,0.5929737208884245
1615128751797,0.8092217239339705
1615128753194,0.6800470082076415
1615128757568,0.5013533775246437
1615128759054,0.700280256941983
1615128760009,0.4947509433148567
1615128760479,0.542971182893146
1615128762221,0.685783759491998
1615128763854,0.7340101744704652
1615128765709,0.7878735345671939
1615128766151,0.6183910296561101
1615128766632,0.5843085302797335
1615128768379,0.6078403153494705
1615128769105,0.7513084254298297
1615128769838,0.4618488521359876
1615128779029,0.4884164140195657
1615128781212,0.6387273836795049
1615128781966,0.7938472099629434
1615128782609,0.544148402408775
1615128783430,0.5783112813517644
1615128786225,0.47136655271164507
1615128786509,0.4549241132208559
1615128787256,0.632016420165078
1615128789019,0.5915172163362348
1615128791049,0.7532328756017392
1615128792372,0.7287291855564626
1615128797870,0.6400456602487115
1615128799754,0.642021053374433
1615128801876,0.5264430030538358
1615128802384,0.6287031776751317
1615128806439,0.5486531144480367
1615128806990,0.5192058331303429
1615128807452,0.4833213634678235
1615128807962,0.5163222542949519
1615128808304,0.507754723415561
1615128809517,0.5799633487597533
1615128810569,0.7000153645445395
1615128813062,0.6331177787704068
1615128813884,0.6113745665039327
1615128815262,0.7191139124588131
1615128816675,0.7468649337155275
1615128817304,0.7340824899839826
1615128822694,0.7596904222852696
1615128822983,0.6919509876613195
1615128825692,0.8259520416287947
1615128827614,0.6108314415640836
1615128828758,0.5118437960826794
1615128831836,0.6563031711131884
1615128834672,0.6285225144158924
1615128834904,0.6271552485994336
1615128837025,0.7907588011832967
1615128840309,0.7150384061499715
1615128869380,0.7372020403178348
1615128870737,0.4554661035371499
1615128873069,0.6260771045960523
1615128880505,0.5739432408857081
1615128881188,0.5969100673991745
1615128881412,0.4608204309673325
1615128881866,0.6592945088778057
1615128883133,0.45061142756392947
1615128884568,0.6168889442466385
1615128885131,0.5183770670872567
1615128885699,0.512078195043324
1615128886297,0.788162772424319
1615128886766,0.614438686308918
1615128890795,0.5173182151787903
1615128894471,0.48291624681925605
1615128894897,0.5064170769251608
1615128895291,0.5441883084446375
1615128896490,0.6667773994711768
1615128896718,0.7473854408301306
1615128904532,0.5393721291218045
1615128905498,0.5574187602802105
1615128906312,0.637690658397303
1615128914235,0.758457209488399
1615128915705,0.5267765165143246
1615128916873,0.7551595701157376
1615128917197,0.5435049632284183
1615128917946,0.7475701926677192
1615128920098,0.7125972637036959
1615128920558,0.7126591429096152
1615128920845,0.6963867654697542
1615128928239,0.7268129383545197
1615128930456,0.7082256803579451
1615128930783,0.7286092312964509
1615128931599,0.5394119427752553
1615128933810,0.5567603613464445
1615128933976,0.5881233500147343
1615128936905,0.635980622851241
1615128937885,0.715503397699403
1615128938450,0.730334436289648
1615128939774,0.8278757247363555
1615128941033,0.5261863984103521
1615128941377,0.5094332575612448
1615128941984,0.6472019785137262
1615128942469,0.5468178559458303
1615128943190,0.48466466350766235
1615128944846,0.7682659501301303
1615128967945,0.6370666750981424
1615128968492,0.6442736120784065
1615128970085,0.5093719002777242
1615128970552,0.631062839150297
1615128971260,0.7947554502309456
1615128971645,0.7054626636720279
1615128972574,0.7268771828776094
1615128973117,0.6827317758933976
1615128973542,0.5249755032643955
1615128974110,0.6958895412962762
1615128975558,0.5528392722494302
1615128977731,0.8423452712073354
1615128978781,0.6296614087330266
1615128981866,0.457713053888561
1615128983643,0.5515681514870197
1615128983976,0.4677045169571814
1615128984865,0.62106448498077
1615128985916,0.6739064077622658
1615128986759,0.5012270846542755
1615128995643,0.45948362048182423
1615128996637,0.7522653050643613
1615128997144,0.8226341601470377
1615128997612,0.7682551334681742
1615129001746,0.5858276115485417
1615129004603,0.4754859925151922
1615129005368,0.6970948255176013
1615129008539,0.5184937253786703
1615129009029,0.5119472687211335
1615129011129,0.7308987440740222
1615129012179,0.5506046445156421
1615129014058,0.6256152106467172
1615129021458,0.8374802904520973
1615129023162,0.47422428218556467
1615129024292,0.4604254404089314
1615129024838,0.5182999977823921
1615129025485,0.46030758723738296
1615129026072,0.5215040323786235
1615129026518,0.6104684597569521
1615129028008,0.5716095878199923
1615129030778,0.49938170688301975
1615129031560,0.5330791765156184
1615129032597,0.6814514366812219
1615129033255,0.4628541343243109
1615129038746,0.6074399057862778
1615129040062,0.6250608836916594
1615129046471,0.4782900218835695
1615129048327,0.750674588622553
1615129048713,0.8334526231126349
1615129049925,0.4565993835222715
1615129050408,0.4911274547984046
1615129050955,0.6437846131141856
1615129052161,0.5313742922650533
1615129054510,0.6208973965586151
1615129055604,0.7803468679627434
1615129055807,0.6174148800638224
1615129056702,0.5399122800993972
1615129060744,0.6248323270844258
1615129062264,0.7070803923961988
1615129062766,0.4678474290356227
1615129063640,0.7900127009154756
1615129064199,0.5174680610711346
1615129080636,0.7475121154693054
1615129081118,0.48181235449548887
1615129081890,0.5248369242018069
1615129084498,0.6653939376170137
1615129085148,0.5196872098880478
1615129085814,0.6784464224989095
1615129087289,0.46223330619828973
1615129090990,0.5386983305024551
1615129091818,0.5624092626181831
1615129092180,0.7438894330640711
1615129092489,0.4632534746664052
1615129092870,0.45676846889706635
1615129093352,0.5640401653749705
1615129095449,0.6792975983529059
1615129095901,0.7506026369613938
1615129096546,0.7696543984677329
1615129103685,0.7307740063272838
1615129107245,0.5637711504398157
1615129107588,0.4517462777239678
1615129108639,0.8100535811295173
1615129114702,0.5025988858917696
1615129120021,0.6329132264358561
1615129121840,0.8378646646517329
1615129126955,0.732065965967228
1615129129930,0.6058916709614204
1615129130815,0.5845742946703281
1615129131545,0.5021496764409661
1615129133263,0.47159815577204833
1615129135080,0.5755687993913972
1615129135995,0.46651563994557055
1615129136336,0.750505889720332
1615129141290,0.8430128673243265
1615129143068,0.5778275864345583
1615129143916,0.6161524297051568
1615129144526,0.6752725249212821
1615129145172,0.7969831532849159
1615129151056,0.5780797542155447
1615129152473,0.5592123889186107
1615129153090,0.5776266282073794
1615129153844,0.6850623849750437
1615129154652,0.4516433951917842
1615129155093,0.6361517502302716
1615129158283,0.6210844669222781
1615129158596,0.5348270280335876
1615129161468,0.6724137786398909
1615129162140,0.4708331827432666
1615129162397,0.508173182740802
1615129162984,0.5504876089482014
1615129164236,0.48082116532514485
1615129164885,0.4521349244666961
1615129166480,0.5137359359111149
1615129167450,0.5675561342389213
1615129167857,0.7145020672602143
1615129168691,0.6537380669032555
1615129169092,0.6366193631191219
1615129169774,0.6573704960724092
1615129219307,0.7116283258070921
1615129220652,0.6531784177869859
1615129222645,0.5883998485157926
1615129222932,0.686133271691407
1615129223455,0.5842746771413876
1615129223918,0.4834426053252505
1615129224956,0.680671401598536
1615129225578,0.7557649143833367
1615129226203,0.7047717730873404
1615129228012,0.5255629790628569
1615129228970,0.6040260836400613
1615129229274,0.45612242145674164
1615129229639,0.6555257457152974
1615129231640,0.5189577650932042
1615129232952,0.45135847216129843
1615129233215,0.5733915443535564
1615129233851,0.6140377289963461
1615129234211,0.6194384471776759
1615129234996,0.7127109750961047
1615129235563,0.7398727120223336
1615129236860,0.5649148157794337
1615129241990,0.5998437759869146
1615129242376,0.7714309256520235
1615129242911,0.8307863559483786
1615129243286,0.7802229395416549
1615129243769,0.6142347241414758
1615129244936,0.4753605795792626
1615129245288,0.5991161404245449
1615129245706,0.771370138988321
1615129247228,0.7065387950526691
1615129248142,0.6059773496868615
1615129248996,0.6449246264299102
1615129249614,0.4892641889470051
1615129251049,0.5405858777762007
1615129253274,0.6275987821661277
1615129256409,0.8063871629292074
1615129257116,0.7732793174568653
1615129257823,0.6391414973023446
1615129264309,0.6054689598736274
1615129264717,0.6268054286880753
1615129265144,0.45032745574971944
1615129265431,0.5186918050999823
1615129265755,0.8265224239948932
1615129267065,0.5165882845189884
1615129267607,0.48208084489711034
1615129268340,0.447188059870014
1615129268678,0.679178880265765
1615129268963,0.4835992843835313
1615129269753,0.535847694322118
1615129270277,0.760017861720319
1615129271650,0.5869160563579978
1615129272317,0.5238583010144171
1615129272579,0.5378875562994767
1615129274825,0.5241101496709932
1615129275382,0.7007285655743933
1615129276039,0.7068230191221825
1615129277817,0.48171324762545487
1615129279427,0.516138374588071
1615129279800,0.6647512488025931
1615129289243,0.691345015232121
1615129289568,0.7937205902958888
1615129290194,0.6472073711197546
1615129290878,0.5661176555147318
1615129291280,0.7353364799651596
1615129291665,0.49070668686758023
1615129292070,0.5834925740430597
1615129292756,0.5128520094476341
1615129294860,0.7183963220859402
1615129295306,0.6897556925433757
1615129297186,0.5333957973252423
1615129298542,0.746687918347011
1615129299710,0.7045683959193905
1615129300210,0.5382110899931458
1615129302504,0.5762132253100383
1615129303138,0.5931826704495846
1615129571612,0.7114985265216422
1615129571956,0.4952758340776975
1615129573167,0.7309361287076577
1615129575243,0.5023242718707932
1615129576560,0.47183590116568697
1615129577715,0.5660774925385703
1615129578583,0.719345869954614
1615129581805,0.8415126221114333
1615129582387,0.8063343115101262
1615129582973,0.6162994264299293
1615129583418,0.4596872575815736
1615129583940,0.7913203831443472
1615129584666,0.49584593554677037
1615129585580,0.5644822606074595
1615129585881,0.6237628312444232
1615129586185,0.46064406414057624
1615129587873,0.7481586308964727
1615129588490,0.5711599329241046
1615129593842,0.6268145686842286
1615129594939,0.7437948363603408
1615129595326,0.7736567755490342
1615129595867,0.5556737127034905
1615129596254,0.743684954605599
1615129596741,0.6938288814312754
1615129597103,0.5307697136353107
1615129597627,0.7788749573410803
1615129599639,0.6193459799212642
1615129601594,0.4868878748272465
1615129601959,0.4694631627553769
1615129602320,0.7649749227134817
1615129602685,0.5311438574341332
1615129604747,0.5015516706062417
1615129605757,0.7290491863241133
1615129607050,0.4658454268799117
1615129608605,0.8061871647894181
1615129616289,0.6108890897770203
1615129616634,0.5906479545008225
1615129616958,0.6226692433564374
1615129617349,0.7893931325277981
1615129617586,0.6272662206478374
1615129618267,0.548793589861245
1615129624376,0.5326853790114394
1615129625226,0.6880755311199493
1615129628525,0.4720265410223612
1615129629049,0.4688714285620521
1615129629450,0.8174001601874492
1615129629816,0.8167504193741304
1615129631578,0.7096852492267769
1615129633271,0.5548176581943309
1615129634558,0.5451844374251724
1615129639279,0.5226924142179512
1615129640815,0.5960053043659841
1615129641321,0.6492965978824827
1615129642608,0.7307570404915908
1615129642857,0.610244149779926
1615129643384,0.7364736079072243
1615129643962,0.6547151484648117
1615129644354,0.5304377440923458
1615129644776,0.6416988590108241
1615129645422,0.5445841574821497
1615129646654,0.7661393843308262
1615129647830,0.579380839175605
1615129649100,0.8156058546381484
1615129649364,0.7931487746869059
1615129650276,0.6233894764719217
1615129651875,0.5337623144007653
1615129652703,0.5041126713762667
1615129653020,0.4732772500098048
1615129654884,0.5390600782134614
1615129656484,0.5962401644429671
1615129656939,0.5436460986230796
1615129657190,0.6978430208108721
1615129657845,0.7375797832180575
1615129682113,0.8286653129724264
1615129683855,0.6520191970891798
1615129684322,0.6173584301271506
1615129685817,0.6459929045464408
1615129686343,0.5500033681951821
1615129688169,0.509746291653016
1615129688631,0.5710095252011349
1615129688912,0.7924647619557801
1615129689640,0.7571414601724491
1615129689902,0.5574964367542468
1615129690409,0.7874886334317932
1615129690828,0.6915133454442102
1615129691718,0.6160429641935883
1615129692473,0.6035450015922528
1615129693179,0.8442700872216813
1615129693843,0.46703771508538994
1615129696087,0.516523163402246
1615129697138,0.7593627849755868
1615129700897,0.6245440607999697
1615129701222,0.5548974058859413
1615129701505,0.5979152896077133
1615129702373,0.5249448015494718
1615129704982,0.5347203591579985
1615129706582,0.6882463028593588
1615129706963,0.7366596997174057
1615129707783,0.6384369541237667
1615129708397,0.7212520717143422
1615129709108,0.7882606020301952
1615129710014,0.8244675804336543
1615129710522,0.742478535431712
1615129711188,0.5421720266419183
1615129712324,0.6573309978145248
1615129713057,0.5331906655472318
1615129713779,0.6531246916315281
1615129714284,0.4635373342407112
1615129714635,0.7221963720767
1615129715086,0.7733355085675497
1615129716126,0.5601965141623144
1615129716425,0.4678427298155663
1615129717476,0.6968143131318283
1615129719193,0.5025667862125882
1615129720054,0.5560604817084935
1615129724694,0.7223362825445778
1615129725584,0.719822907127794
1615129726186,0.7262041645711959
1615129752193,0.8210192674703187
1615129752560,0.6765420679382284
1615129753002,0.6943646493141475
1615129753687,0.7720685958309736
1615129754215,0.7692113536235778
1615129755889,0.6284372351377299
1615129756554,0.8357822908559587
1615129756918,0.47729851423982117
1615129757426,0.771640992020427
1615129758258,0.7261752586502723
1615129760477,0.45659102643262117
1615129761105,0.5715163624048047
1615129762116,0.6408021693210841
1615129762652,0.5426401608112175
1615129762907,0.753904033931202
1615129763392,0.6871702895959819
1615129763753,0.6404535305590042
1615129765069,0.8057342957640312
1615129765373,0.46866580555718573
1615129766078,0.6987714947943557
1615129767455,0.6081742803154522
1615129768224,0.4697956775397971
1615129768622,0.48552293674910985
1615129768846,0.5318084143315183
1615129769225,0.6352440843645535
1615129785704,0.5470098666785372
1615129787311,0.48008065387934895
1615129787808,0.6253168372667406
1615129789707,0.6324078067716721
1615129790015,0.6820068864642737
1615129790380,0.7207380962965426
1615129790810,0.7571638425506866
1615129793066,0.8354025684794264
1615129794247,0.8444721441761527
1615129794800,0.47998093901447714
1615129795906,0.45880825005744863
1615129797020,0.8038715111466843
1615129798061,0.4829818968064925
1615129810320,0.6780652067802939
1615129810884,0.7429651467947029
1615129811628,0.48530714657573304
1615129813150,0.7921961950987999
1615129813629,0.5463955847987045
1615129814620,0.49882014016730425
1615129815321,0.57733878407489
1615129815895,0.7565089714670759
1615129816312,0.6305260979999949
1615129817174,0.6741606829261038
1615129818237,0.5732443135474163
1615129818704,0.6567698357740892
1615129819535,0.6962558302479027
1615129819940,0.5835672700352279
1615129820225,0.5134555908301719
1615129821263,0.5830373086162655
1615129821716,0.5959197601178357
1615129822061,0.47629462642598375
1615129822484,0.5823431457888528
1615129823423,0.5636239820767797
1615129824075,0.7232495370345693
1615129824772,0.7094167504688631
1615129826885,0.5636956539017146
1615129827328,0.587640323811629
1615129827666,0.45124324877131583
1615129839893,0.5658431426458388
1615129842035,0.778036980751089
1615129842404,0.5432362653814993
1615129842743,0.5008061409606768
1615129845836,0.697190415383584
1615129847740,0.6089734529613522
1615129848124,0.6981132694733372
1615129848574,0.5085605006014293
1615129849819,0.5309799449379504
1615129851882,0.4857691896451777
1615129852688,0.46651554947900964
1615129855765,0.46931173554793704
1615129857869,0.6734554682484029
1615129862944,0.7186135587021258
1615129864213,0.5066880547753161
1615129864588,0.6407285356542469
1615129865349,0.6108904081305033
1615129865742,0.7814254344928517
1615129869446,0.5062890585391822
1615129869715,0.6797855232354499
1615129870085,0.7218282970410828
1615129875232,0.6211433438904723
1615129876184,0.7315379348763695
1615129876948,0.5403786232034502
1615129877498,0.6711549911501202
1615129877942,0.6624186790621833
1615129878325,0.7283556602496077
1615129879010,0.6645712399175852
1615129879620,0.49518111630323713
1615129880085,0.5253094221389898
1615129880846,0.497006341709193
1615129904366,0.7410108137933558
1615129905908,0.7533281948472792
1615129906937,0.5845161449828429
1615129908289,0.5183072950265077
1615129909340,0.5002083154121917
1615129909707,0.562450248236579
1615129910090,0.5006736900535746
1615129912334,0.6409443346699872
1615129913823,0.44953337682664296
1615129915044,0.8226265549858702
1615129915526,0.6203927666804909
1615129918145,0.8292629644999971
1615129920094,0.5033506199524262
1615129920640,0.786374206758087
1615129923235,0.6190135861831569
1615129930165,0.6198886147083549
1615129931088,0.6507245342717272
1615129931440,0.614248063301932
1615129934368,0.6798785029537546
1615129935562,0.7433410445668454
1615129936411,0.4549479493397346
1615129938924,0.6015840780348847
1615129939261,0.8081438725306467
1615129941284,0.5870879696809217
1615129944330,0.7288205094297129
1615129944704,0.5207879064203236
1615129945478,0.5151796059339486
1615129955520,0.8390672834678314
1615129956507,0.7859759862067062
1615129957515,0.6224170011796515
1615129959782,0.4557309590800407
1615129960996,0.5205179777241553
1615129961419,0.4880666358039143
1615129963434,0.6100831997163225
1615129964029,0.7327143068294517
1615129964472,0.6044052066028449
1615129965090,0.5752475401280188
1615129966661,0.4907007299681032
1615129967405,0.5246348756934793
1615129973789,0.5605859765388099
1615129974220,0.5694980192495769
1615129978749,0.8454998718719553
1615129981675,0.6976269293067316
1615129985071,0.6723574893431672
1615129987136,0.5465087552594472
1615129987482,0.5480056579860892
1615129987799,0.5218969760139702
1615129989261,0.8187807444441719
1615129991841,0.7069271066825533
1615129992170,0.47918777403445856
1615129992658,0.6245626289063655
1615129992998,0.4972868793431595
1615129993914,0.5850892672735553
1615129994579,0.6879703919296221
1615129994901,0.48472334439467524
1615129995508,0.5318340536842792
1615130013783,0.6183145983525407
1615130015222,0.5443693994118526
1615130017284,0.6446039189372277
1615130018875,0.6273428089624944
1615130019044,0.574016913867903
1615130020732,0.6938665243871212
1615130021080,0.7775646165935735
1615130022088,0.560442771791716
1615130022458,0.7060302833683485
1615130024117,0.5363342154171358
1615130026146,0.6008511157193763
1615130028403,0.5660875841747504
1615130028746,0.4749306605349579
1615130029255,0.7360262390855499
1615130038129,0.5565854217750088
1615130038528,0.5341006112074065
1615130038958,0.6046740063456957
1615130040467,0.5330669108794983
1615130041587,0.6862604990274868
1615130041968,0.5290305387297933
1615130044637,0.5449101260672307
1615130046257,0.5247920851889276
1615130048314,0.8376295065811901
1615130048656,0.7038938981432219
1615130048964,0.7845115993993979
1615130049286,0.47218495438471564
1615130050779,0.5771688118585749
1615130052502,0.7623588971438666
1615130052828,0.671659177101076
1615130053697,0.6940640846828638
1615130054762,0.6877754341279063
1615130066049,0.7142801275019295
1615130066812,0.6210082236267245
1615130067420,0.7254196324990758
1615130068070,0.5048692937357124
1615130069710,0.4665932142476059
1615130070127,0.6595599474071823
1615130070726,0.8249341133867039
1615130072495,0.4721856583309503
1615130075869,0.6606615213677247
1615130076175,0.5083492063223893
1615130079329,0.656237575635692
1615130081594,0.46184828280525503
1615130091416,0.8097846034211975
1615130091824,0.7796401142523979
1615130092350,0.8248695019563912
1615130093239,0.7733192610272599
1615130094389,0.8256442913269924
1615130094853,0.5382792565665417
1615130095652,0.7018044793197764
1615130096375,0.7896467956655129
1615130097525,0.5653674434627476
1615130098340,0.7316971053224797
1615130098855,0.5946839104574841
1615130102192,0.46636949523107374
1615130103303,0.5654145490285889
1615130105389,0.5778020217474344
1615130139780,0.5412554108733381
1615130141029,0.7933706612102442
1615130142000,0.7762063904746186
1615130142406,0.5700296083277367
1615130142897,0.5472626341704812
1615130143462,0.7291487890147785
1615130144206,0.7698128976535823
1615130145055,0.5209387864995607
1615130145462,0.7729594001891449
1615130145917,0.7646949553247429
1615130146253,0.838406691662178
1615130148985,0.7293257042615975
1615130149302,0.5949969120615162
1615130149678,0.732284487382554
1615130149985,0.6880362711473031
1615130150557,0.6399251449099896
1615130151019,0.7386105555810785
1615130151365,0.6916362814760013
1615130152029,0.8161728784672118
1615130152235,0.6918679355986024
1615130154133,0.8267209633408867
1615130154965,0.5214234453816879
1615130155409,0.4778107724749048
1615130156522,0.7821700236328966
1615130157948,0.822737511023498
1615130168264,0.47494579866548037
1615130169700,0.4881327410128877
1615130171254,0.8172489187808707
1615130171665,0.7224900090787267
1615130172392,0.8336051357450613
1615130172724,0.6815147688825918
1615130173965,0.708891860326486
1615130174450,0.5774683272188885
1615130175990,0.6081310861148359
1615130176533,0.6156402630083435
1615130177753,0.5250256267023357
1615130178225,0.683352227677736
1615130185550,0.6698851063214084
1615130185958,0.47473575297050985
1615130186644,0.6788652206115153
1615130190044,0.5778389116571647
1615130190453,0.4585797681810133
1615130190769,0.7079811818963866
1615130192252,0.7652998640403275
1615130192811,0.6664316559155181
1615130193597,0.4683911268590957
1615130193959,0.6539640380786338
1615130197077,0.6552691506566632
1615130199785,0.5478371041818053
1615130201218,0.4529599895085368
1615130202561,0.7876303096050563
1615130202916,0.5063300707295793
1615130204630,0.676254478631586
1615130208922,0.6548635843531325
1615130212055,0.7774617810230011
1615130213006,0.4848161480598312
1615130213762,0.6087201961827238
1615130214055,0.5161358101525837
1615130215256,0.7799244144996287
1615130215939,0.7396992324996365
1615130216585,0.7906297471074841
1615130217657,0.539069427379133
1615130222168,0.5741180009827451
1615130222631,0.7281907694189049
1615130223379,0.5161769359929003
1615130225087,0.4948240362761436
1615130226793,0.6341614675086471
1615130227238,0.8033022330056372
1615130251966,0.5204961491802396
1615130253802,0.5593153931363559
1615130254328,0.5087948815230969
1615130254791,0.44779792563800713
1615130255221,0.8067861444904234
1615130255826,0.5402640959390514
1615130256312,0.6745747584538864
1615130257852,0.6098178654195652
1615130259063,0.6327808451492034
1615130259747,0.5474112454743407
1615130260154,0.6264757800033627
1615130262062,0.6472265371400088
1615130264702,0.4966974093344212
1615130265094,0.4606946193095973
1615130265753,0.5508842929204782
1615130266108,0.5815287591953311
1615130268358,0.615360543093536
1615130268707,0.541171332182182
1615130269656,0.48929250431040905
1615130270104,0.4554550138313862
1615130273921,0.745287822699845
1615130274244,0.5527298906639344
1615130277214,0.47174565984261285
1615130277580,0.4951589770258158
1615130282516,0.45128721870308475
1615130282916,0.5209895392020547
1615130283425,0.7246576564192297
1615130283789,0.4684837050483237
1615130286435,0.5474336371339605
1615130286762,0.6175842716679791
1615130287152,0.6106420995134854
1615130287406,0.6339111531192243
1615130288033,0.4804035754531033
1615130289044,0.6094116507031178
1615130289751,0.5116288775536826
1615130290357,0.6571069915787908
1615130297156,0.8067603125619272
1615130300627,0.5357733655296171
1615130300991,0.5707135267476504
1615130302954,0.623615052262998
1615130303407,0.5643948710133984
1615130304631,0.8412409919144981
1615130306341,0.5983210320699484
1615130306672,0.5841488646407234
1615130306997,0.44959905895798347
1615130307368,0.573405763468835
1615130308570,0.5943076473083764
1615130311686,0.8109868705856149
1615130312939,0.46902590641670683
1615130315247,0.6858507605623299
1615130324642,0.6793451996065014
1615130324908,0.7400068320649222
1615130325604,0.5442459459864635
1615130327698,0.6991432913373452
1615130330186,0.5931539010797815
1615130330839,0.6599219605658824
1615130334879,0.8126993071496513
1615130335364,0.7381432276743893
1615130335826,0.5237007094444834
1615130337842,0.5686981997807516
1615130338877,0.5376446025312265
1615130342663,0.6517081982909023
1615130360253,0.5498745545257411
1615130360956,0.556516593449653
1615130361500,0.5792676917365569
1615130362514,0.7405324201068841
1615130363321,0.69587339447442
1615130363766,0.558884268415456
1615130364559,0.7016929019556051
1615130364980,0.6084662962072795
1615130367268,0.6421873501385889
1615130367754,0.7000312629938465
1615130372218,0.8070219927797384
1615130374160,0.7426165136278007
1615130375060,0.5701066558580292
1615130375776,0.5454768603597693
1615130377371,0.8205713933122083
1615130377860,0.735387162849509
1615130382826,0.5646196128554082
1615130384691,0.6986051058037401
1615130385140,0.4536681963118583
1615130386004,0.5729037324342912
1615130386552,0.6106789084522091
1615130386982,0.670673617504236
1615130388636,0.46171683444349965
1615130389507,0.450607199522266
1615130391426,0.630029028231982
1615130394558,0.5990165029371441
1615130395181,0.5848165450260101
1615130396240,0.6116960656529757
1615130396787,0.6787913011839097
1615130398581,0.5221375592616173
1615130399108,0.5391265658099798
1615130399756,0.6720755001104295
1615130400467,0.6247776171027541
1615130401733,0.45437778714822796
1615130409036,0.5880700907849579
1615130409360,0.7596427866660105
1615130409806,0.7038840044269623
1615130411495,0.5883214136178094
1615130411843,0.47606393922105195
1615130412285,0.5695649771901357
1615130412569,0.4499023622257714
1615130413055,0.6666037978436901
1615130414371,0.6528481384384222
1615130415202,0.7107854306873906
1615130416534,0.6098952861352669
1615130417369,0.46237986611079585
1615130421485,0.8263958265428584
1615130422376,0.6742702832214365
1615130423548,0.5735351267388378
1615130427188,0.7916347472372043
1615130439659,0.5557699013344775
1615130443365,0.8337091256687101
1615130443768,0.8223916414277144
1615130444858,0.7362998656728714
1615130445969,0.7429308454565364
1615130447595,0.514456593445789
1615130447953,0.6315287071223563
1615130449817,0.5429674160256748
1615130452905,0.607589345299625
