TIMESTAMP,STRIDE_LENGTH,HEADING_MAG
1615126639555,0.8865712597390918,0.6738627321946158
1615126640614,0.7258877516252686,0.7775735278668818
1615126640777,1.0767707700724392,0.669100002236558
1615126641223,1.1668243106219356,0.7787809504223222
1615126641662,1.3240074229501302,0.7565078703290449
1615126641783,1.2865850352215895,0.7104513523382273
1615126642185,1.5347816799349479,0.7123138233651235
1615126642563,1.6809388259128355,0.7516415038165438
1615126643036,1.4990769527194905,0.6894215417188916
1615126643384,1.2558901586843167,0.7867101031186221
1615126644393,1.2822448003218514,0.6198749948119319
1615126644952,0.7753347192675931,0.7674666203494414
1615126645557,1.4288712083890416,0.7450743346421232
1615126645968,0.9418537359869866,0.6909130970322344
1615126646487,1.4910497600092922,0.7977654769633893
1615126646800,0.6186633858020534,0.7311972579955018
1615126647690,1.3624880807494069,0.7515364535494508
1615126648437,1.153087614577871,0.6803696055395357
1615126648866,1.307430265410054,0.7712149348787093
1615126649194,1.2083529277526777,0.7502766737368615
1615126649618,0.9459896926652265,0.6650589681425668
1615126650156,1.2442939831902615,0.7926166302551665
1615126650336,1.0463401855924832,0.7672482364127918
1615126650603,1.288925762462924,0.6591652531698801
1615126650911,0.7750224070226922,0.756697666116325
1615126652347,1.6033910600219738,0.7258748084100742
1615126652784,1.2408907256008381,0.700146097661809
1615126653131,0.8134256680549736,0.6915508664717082
1615126653653,1.1270217109982361,0.7397549780069006
1615126654425,1.053487900616252,0.810753566526126
1615126654586,1.2738393139279882,0.7360675058852302
1615126655210,0.9243258899254914,0.6612076431215183
1615126655460,1.1625907970010556,0.7595573384500572
1615126655770,0.7764639985729159,0.7191175192925086
1615126656119,0.9565902074697374,0.7581207846414171
1615126656628,0.72238595713305,0.7743578651851648
1615126656825,1.2444652835892036,0.6687097814034514
1615126657474,1.0411310595070025,0.6916269079614555
1615126658029,0.602200588483859,0.7755063803793452
1615126658505,1.4272836223531258,0.7033583276749387
1615126676965,1.1200565253126809,2.193739857044836
1615126678323,1.0169048748424285,1.6579530519987915
1615126680198,0.9214045146213403,1.8317576611589361
1615126680549,0.7058713756994546,1.9278190485585225
1615126699832,0.956986085747564,-1.110506403331526
1615126702758,0.6747636822835154,-1.0162533551955328
1615126722695,1.071284817902587,-0.33625623244759706
1615126722914,0.7588699241062732,-0.33917326955167004
1615126723443,1.503414924726811,-0.22920458677942834
1615126724104,1.1014752452771497,-0.30455521663429796
1615126724354,1.4842972322877617,-0.2642139535198944
1615126724676,0.9060368429912637,-0.3391456507473891
1615126724975,1.1707361159145675,-0.3439572152676649
1615126725830,1.4745669439588391,-0.23299336723362973
1615126726333,0.8658346545999793,-0.37929826493629726
1615126726497,1.0647170010494995,-0.26345601630369075
1615126726841,1.1966916424693643,-0.3091311818517779
1615126727003,0.910507909181393,-0.3556576401324587
1615126727128,0.8420256386299818,-0.38808653708439045
1615126765277,0.9434934804632604,0.2384037405499282
1615126765634,1.6113875441634153,0.21386459914012623
1615126765834,0.9284338703154917,0.22314579212047336
1615126766508,1.1195876882248308,0.2589462743027582
1615126766869,0.7836738267027158,0.25349946803021317
1615126767177,1.2921654228883206,0.2407357299692936
1615126767763,1.229874002042497,0.23635686704996295
1615126768448,0.8956327729743996,0.2224848245896367
1615126768913,0.7897135000659232,0.23256997707191784
1615126769417,0.9092539946534848,0.21544957818042554
1615126769665,1.0943227208470683,0.22220546466842528
1615126770059,1.1355313778005869,0.28393046857630244
1615126770289,0.8330508716604064,0.26053382924833346
1615126770475,0.9636124445315467,0.17642426619020224
1615126770792,0.8163588461714953,0.31259229959545975
1615126771961,1.1295869735165385,0.2724538706101285
1615126787358,1.0698151348186986,0.14166435392344745
1615126787965,0.961805851695224,0.1895683375404873
1615126788292,1.0589861875456203,0.19467151496672352
1615126788908,0.6562740491391842,0.20531034376245705
1615126789185,0.8912468340524147,0.2853899672839817
1615126789372,0.6863080162526749,0.24737689074814595
1615126789652,0.7289446215524835,0.20729269868119204
1615126790406,0.9292053048304418,0.19528859974438895
1615126790711,1.2952908989117653,0.22748296460747186
1615126791500,1.144920569079953,0.19764910923996148
1615126792258,0.635808563595198,0.18397088876772671
1615126792628,1.247256868494882,0.15600476566831656
1615126792911,1.09485344923891,0.20880136348251788
1615126793266,0.7944586815514718,0.16033651763068812
1615126793739,0.9682471799182558,0.16555599863826886
1615126794263,0.6183844629010466,0.18568178890910225
1615126794670,1.1123004743446678,0.13933507448291427
1615126795569,2.0403305122018938,0.11212454760708268
1615126800296,0.821350735037072,-0.5034772964701926
1615126802029,1.0995273341352492,-0.5713509147713469
1615126802325,1.2830988450132175,-0.4848167672888115
1615126802592,1.108370004674669,-0.6460281244408934
1615126802859,0.950325517956193,-0.548359705580153
1615126804066,1.0500164046921974,-0.521909475579045
1615126804608,0.7986431282574862,-0.5931086393817493
1615126804806,1.1822242156589136,-0.5202749194691276
1615126805066,0.9847876952509569,-0.5392222062283616
1615126805416,1.270156004627299,-0.5964728055480335
1615126805584,1.159552068279179,-0.4860762298310286
1615126810905,1.2907257327367065,-0.48716486604296394
1615126813565,0.8839063795896147,-0.6160664672532312
1615126814584,1.2899483162585736,-0.5537037914849372
1615126815785,1.3059288533278488,-0.5549366194424965
1615126815961,1.295670851282881,-0.5637810029466661
1615126816220,0.9970232986461987,-0.5369272716108995
1615126816604,1.0566189403242845,-0.5474522502562684
1615126817195,1.2744328720829186,-0.5825610086751696
1615126817529,1.5179640908195149,-0.5985553219811361
1615126826868,1.119332176820426,-0.326447766113251
1615126827380,1.2463380712532994,-0.2474611795831685
1615126827828,0.9505455830842928,-0.2787054407342553
1615126828577,0.897536187761597,-0.3114036903231201
1615126828903,0.9954664007810642,-0.2596554156965156
1615126829363,1.6179955455197756,-0.22545379684866784
1615126829867,0.9035062352936669,-0.21035192578959983
1615126830570,0.707565324911853,-0.32597984000758573
1615126831143,1.3032051586627236,-0.32966209857659345
1615126831970,1.1965959876516745,-0.33040857542725677
1615126832790,1.1411564383553476,-0.2449453622357629
1615126832919,0.8605872367005325,-0.26503930022083
1615126834014,1.4249300455918124,-0.22854260080862687
1615126834217,1.0641236091548725,-0.28783339709815725
1615126834513,0.6238049030731516,-0.2960247934764697
1615126834837,0.9889263734019976,-0.3214438785439575
1615126834986,0.5408469358777168,-0.22771591097080557
1615126835652,0.6436642429126718,-0.25062721384573483
1615126836583,1.2530827293451428,-0.2969784858026898
1615126836866,1.078967716468565,-0.28884773333377467
1615126837332,1.2626764458749236,-0.2758461832139425
1615126837513,1.0863437063610513,-0.2528453074900632
1615126837864,0.8975015397676251,-0.2743645646247783
1615126838424,1.129480389799987,-0.2715640502023362
1615126838745,1.0108701251208358,-0.25844363806889104
1615126839106,0.9624358426880992,-0.26081455153771405
1615126839394,0.8931264418956909,-0.2628166615486083
1615126839954,0.9860787039862239,-0.2604700365242454
1615126840546,1.2395327910344818,-0.3086640225031698
1615126840810,1.1642800415858021,-0.21243609828650856
1615126841055,0.702899009724655,-0.31714169227322264
1615126841334,0.556107606281817,-0.2768451706379791
1615126842124,0.5206842689139233,-0.262487192150354
1615126842949,1.1670133463906045,-0.303592772496754
1615126843327,1.0907457527674707,-0.25375181216469755
1615126843696,1.3155289705616022,-0.273874657695343
1615126843980,1.6551333334156906,-0.2954864851701138
1615126879039,1.1983419496782213,0.7703521765345369
1615126879796,1.0914198643899122,0.6237109179932123
1615126880153,1.2243410622069733,0.6961007161125321
1615126880295,1.3312876592745102,0.7771936690552989
1615126881445,1.474250773895751,0.7130316764514488
1615126883030,1.267999723638018,0.6191988181110392
1615126891087,1.3343349056187888,3.27715424257545
1615126892209,1.079378699172649,3.070675678989057
1615126899260,1.6249914229860971,2.9571087497469746
1615126899623,1.5556590040947915,2.9205093946215026
1615126899945,1.2266751253783799,2.7998389695403807
1615126900223,1.2993853856314492,2.7320984675339317
1615126900423,0.823682423149637,2.80089196240574
1615126901078,1.1647049334773505,2.9910448863420545
1615126901367,1.195882310790792,2.8484245001931923
1615126902265,0.7606256716417046,3.1354038831531765
1615126909560,1.045886557939834,2.9656514430035
1615126910412,0.956157452972607,2.9910606790838474
1615126928960,1.3742752433747631,-0.9489111981008369
1615126941268,1.322437067703493,-0.19020597193188782
1615126941497,1.2631622446926536,-0.2791956065923451
1615126941689,1.0893964553066415,-0.24705723504659316
1615126941955,1.5475548130809835,-0.20562537675276182
1615126942811,1.3096152831423908,-0.321646069154065
1615126946126,1.152125201046798,-0.27955842755775717
1615126947592,0.6803820903254667,-0.2116706309393832
1615126948405,1.1730648818987883,-0.3373219923816846
1615126951655,0.8198402582319807,-0.2951689378737983
1615126952528,1.5704898289934603,-0.3269645115625204
1615126953682,0.8455619066591928,-0.34114664011098306
1615126954996,1.226220875912676,-0.32597047905817833
1615126955283,0.9035553379335475,-0.264631378833978
1615126956489,1.2669578052455823,-0.3140510541909418
1615126957586,1.246515118076087,-0.22217807141500612
1615126959937,0.8001805370549413,-0.2653323953536779
1615127001417,2.3953016718917017,1.1721844760061764
1615127001877,1.1137782423232658,1.0841961754320117
1615127002085,1.5810552762796886,1.0717679892520342
1615127002590,1.2498340725674915,1.0380940097197637
1615127002909,1.233633846970088,1.1517856010851035
1615127003658,0.5971299479901285,0.9741002247661006
1615127005427,1.5325683636806993,1.045286590861794
1615127005847,1.5219418916291525,1.1590663207405074
1615127006266,1.8051869930122681,0.850852641265106
1615127009033,0.8300653284858495,1.0887415368968265
1615127009741,0.6910613284004613,1.0900360268214495
1615127009926,1.139157102043027,0.9861459654981646
1615127012782,0.7762073042941147,1.2182090507136794
1615127014946,1.1776685083047465,0.9822324871340403
1615127016612,0.9389689357095289,1.039080663665679
1615127016985,1.0174301752047374,1.142461025763204
1615127017662,0.9570995561738243,0.8724299894156681
1615127019451,1.297179065857265,1.2748641384693982
1615127020641,0.7314679962677747,1.0263803958802091
1615127021144,1.5684218534991223,1.0809363841575839
1615127025893,3.4021464518486,1.8086316016845547
1615127026200,1.3422911463704494,1.995143110497776
1615127026926,1.2609352821318782,1.8086578926135823
1615127027356,0.7101474149593782,1.7094033413857164
1615127027561,1.2281782465416182,1.9116312574092078
1615127028400,1.4808655930792245,1.8729460763876653
1615127028796,0.9144149996687507,1.6241163067203934
1615127030989,0.8342380194165614,1.7942937397461611
1615127034603,0.667279134445727,1.84419713718329
1615127038246,0.9532227792278352,2.0870445874326595
1615127038819,1.3807140161864204,1.6784935240100887
1615127039627,0.912680350829613,1.7610927335326099
1615127040304,1.169199079960167,1.9157581612034824
1615127041313,0.7018822945147523,1.8564400563318855
1615127045700,1.614002289821555,1.9049031356349952
1615127048379,1.972276618096286,4.5008874599492845
1615127048819,1.5436640985698558,4.683352564388586
1615127054103,1.0415661601710413,-1.311369559847793
1615127054973,1.2167742761659723,-1.4206328698587938
1615127055303,1.231682064393461,-1.37692868528223
1615127055953,0.9821689549656007,-1.570427210734132
1615127056317,1.2688650459246555,-1.4567421699486984
1615127058815,1.620172967995458,-1.464912316057148
1615127059118,1.1866083674588697,4.673618891525188
1615127059683,1.2600760240075572,-1.431858810742919
1615127059945,1.223786661367468,4.504647910224188
1615127060102,1.298755693606346,-1.376427116164996
1615127060682,1.3164063279570002,-1.5462101798952284
1615127061086,1.0968498785162821,4.610708043375126
1615127062229,1.2201054766933876,4.579659846652886
1615127062708,0.8135606213079487,-1.5616237842358935
1615127062901,0.8321128506836228,-1.4797575411644441
1615127063761,0.7232571514159153,-1.3944510118800295
1615127072163,1.0405501952948308,-0.7762854724317791
1615127072491,1.2410246518676475,-0.6494304124758843
1615127072633,1.5769446336506683,-0.6576517315712236
1615127072898,1.0073730306030106,-0.7441300116982945
1615127073308,1.6402062303343334,-0.5900754027911583
1615127074308,1.3380517820529791,-0.7028607106003957
1615127074689,0.6723660888390637,-0.8043295832952841
1615127075330,1.0094048760177066,-0.5988617170552106
1615127075653,1.2781274112400158,-0.6695981567689175
1615127075890,1.2946407387108305,-0.6126339358889861
1615127076221,1.0270940947097753,-0.5799813660251143
1615127076493,1.2189242809624328,-0.7557540378069207
1615127076930,1.685360691350413,-0.7212434477454965
1615127077756,1.2176758664669902,-0.7882950655262131
1615127077982,1.6549043952951203,-0.666536149988092
1615127078387,1.4283082553251472,-0.7396936167688866
1615127079413,1.0639544020154503,-0.6625428423550521
1615127079702,1.4071189649056643,-0.6388153881021656
1615127080085,1.5033366929515584,-0.6163300096002224
1615127082459,1.2652247932318577,-0.5863533124837641
1615127082880,1.121682143486968,-0.6183128461002454
1615127083635,0.7922307219026943,-0.6003433747734808
1615127084025,1.252956525954301,-0.38624322707804404
1615127085632,1.276332517400955,-0.7267502137796296
1615127086131,1.2164856722148314,-0.5680435239490373
1615127086533,1.2398722435249971,-0.7204264173317751
1615127086811,1.0408925356763437,-0.5093291079776683
1615127087133,1.2600566526469235,-0.6297491115625737
1615127087372,1.2599348933784724,-0.6488826964690135
1615127089008,1.3930214159633012,-0.6883167117384854
1615127089909,0.8176194390910412,-0.6577621518702452
1615127137265,0.886907881672438,0.415293677468324
1615127137987,0.8588762879608867,0.3729913808791012
1615127138803,1.1829262914912082,0.4719696641827331
1615127138938,1.336315607429198,0.3974110563498199
1615127140757,1.2163856492780067,0.4660008016902575
1615127141096,1.2403576105681373,0.32337374678173325
1615127142131,1.1824582264287873,0.4114378153353102
1615127142583,0.9443671510564107,0.3669737260494679
1615127142776,1.1663514060719682,0.3517890292416994
1615127144718,1.1854787562262796,0.40778359079803783
1615127145042,0.8441215939323774,0.41951789629683756
1615127145796,1.153106973417035,0.4272351185280534
1615127146055,1.6364441671002914,0.337670932812431
1615127149418,0.9253549852547857,1.7652336498856487
1615127151170,1.1576594708906383,1.6803414525300844
1615127151739,0.4463273900176091,1.5647640594080134
1615127152056,0.7380264917853223,1.689699697296675
1615127153290,1.189736155074895,1.6150410403581192
1615127154657,0.7564665865924782,1.7562868739237725
1615127155667,0.7026630086638191,1.6756607644512755
1615127155819,0.7656484217407977,1.7957537783439435
1615127156080,0.9376629740343594,1.597467881577768
1615127156374,0.9545296308224458,1.6989196884569282
1615127156549,0.7222547356452251,1.6641192587366072
1615127157577,0.45505036363683504,1.7133432587478876
1615127158099,1.0055906780690356,1.7054212155536326
1615127158367,0.9610537497294336,1.6974276035174967
1615127158949,1.2205237387837646,1.7595162382605998
1615127166066,0.8693966357339782,1.520712923714075
1615127182768,0.8635592443106591,-0.9515669325163292
1615127185026,0.896205646465549,-0.9298582664466162
1615127185518,0.8481827516225173,-0.9383957319032263
1615127188190,0.6616396299622542,-0.925271749794137
1615127189284,0.8283209191896397,-1.0022293796019448
1615127190375,0.7586713525385238,-0.8965157804851747
1615127190955,1.1887872727765636,-0.8780750632225485
1615127192512,2.1318371856699496,-0.859470033769413
1615127197748,1.3264791703859362,-0.2423880395023661
1615127199589,0.7370009031541598,-0.2776329752058657
1615127199892,1.2833734423390089,-0.2544074568824648
1615127200210,0.6610244599718719,-0.22976312427308088
1615127200882,1.0553021734435366,-0.2894782454116698
1615127201808,0.964850824611565,-0.22647378926371542
1615127202108,1.3987697180505478,-0.2533200089626937
1615127202623,0.9897826454690091,-0.24296489898633955
1615127202815,0.9688418766255509,-0.27321483743762043
1615127203094,1.5504648767103761,-0.1877275656359081
1615127203583,1.281206296041079,-0.2612610185651858
1615127204475,1.6924312855670238,-0.2311485509077289
1615127205391,1.4790606359157836,-0.27880667215618327
1615127205799,0.9517547184452629,-0.244030749018479
1615127207614,1.282909744852749,-0.2722613304210597
1615127207942,0.7501566486912348,-0.22364791529617722
1615127208160,1.016298577389865,-0.2649270264458501
1615127208325,0.7460721621857911,-0.2507990432820826
1615127208646,1.1965219615920644,-0.23621736231909374
1615127208950,1.0422096180898759,-0.19985578250677172
1615127209543,1.0683069263500757,-0.20271663438548027
1615127209705,1.083818935686296,-0.2446269389404625
1615127209943,1.1326849761044544,-0.222518698786905
1615127212306,1.3832706211339585,-0.18451728842459114
1615127212668,1.5427361752513016,-0.2300475977216514
1615127213460,1.1939047535381644,-0.20042334099556447
1615127213783,1.2878313080254302,-0.2057283966883996
1615127268049,1.2169263224764164,0.12243925596508776
1615127271549,1.3124992903997472,0.10636924353588784
1615127271905,1.028801175576578,0.16324961045279562
1615127272045,1.0246161362557282,0.16158398525023054
1615127272265,1.3240368168732155,0.08945051912476876
1615127272881,0.768868689573623,0.1146526487916868
1615127273019,1.170670409266891,0.09872127793830576
1615127273591,1.295133804612062,0.1288632224083297
1615127273851,0.7208320839456017,0.07813200630535766
1615127276334,1.5057439380634783,0.09244003504227893
1615127288464,1.0716135347746532,0.3449020251688988
1615127288655,1.0501046008769361,0.345969326184296
1615127289195,1.2122221551570664,0.3057148194561967
1615127289595,0.8185375323173012,0.14400744613980243
1615127289868,0.4491671777594599,0.29561258268950374
1615127292453,1.1048688113795555,0.2831721677624828
1615127292923,0.88240250771269,0.22357570102968016
1615127293048,0.45724897589953195,0.16387536741020026
1615127295866,1.1905085716764274,0.24327152475723346
1615127296491,1.0695569217269665,0.10197555279497728
1615127296778,1.352877630043622,0.18381700583253013
1615127297318,1.0978782835219918,0.19454978176281812
1615127298221,0.6024702809983635,0.19492946828487012
1615127311777,1.0782513377963274,-0.6061498757417554
1615127312039,1.3620820088572319,-0.6887978825085779
1615127312782,0.9240051749416465,-0.7511914629071765
1615127313094,1.080642134653529,-0.7057049819710852
1615127313355,1.0685931710647232,-0.6963777045430479
1615127314266,0.7653455797118511,-0.7260781234279934
1615127315062,1.1580497513407277,-0.6545688470922721
1615127315446,1.6721624376337614,-0.6805621211648227
1615127315959,1.5037470386229856,-0.6243054898602787
1615127316273,1.2653860648281892,-0.6539696841375235
1615127318912,1.3405213807450997,-0.6531437285968678
1615127320360,0.8129354491014517,-0.5958848883583432
1615127321180,1.04478628271078,-0.7343414747529726
1615127324123,1.4189682239792547,-0.6920542476666127
1615127330759,1.3079602214896098,-0.36296688538859834
1615127331104,1.7483202200688002,-0.37659653137013827
1615127332301,0.9804027065952821,-0.36002506542369295
1615127334663,1.2823151533424753,-0.35345519243193535
1615127335125,1.3110802614730477,-0.3414110481263253
1615127335385,1.4299498777758677,-0.3742804349423159
1615127335834,1.2112891687137242,-0.3750465906567406
1615127336629,1.415111310940834,-0.3673300493544307
1615127337089,0.6380757905486109,-0.3666394529040795
1615127337369,1.273782258601667,-0.36731352507092696
1615127338405,1.3209349172139524,-0.32944666458698246
1615127339778,1.0326145198090748,-0.35936468436185276
1615127345537,0.8342695286797441,-0.3785279949927707
1615127345982,0.792877794605218,-0.25088840945282653
1615127346584,0.37602835691732867,-0.27415870448705904
1615127367747,1.02040248536076,0.21951988374861786
1615127368656,1.1237898810491864,0.2577605455862291
1615127368906,1.0122141775801292,0.2526203403872693
1615127369112,1.5405025702131963,0.20205420360950876
1615127369308,1.5595410277557864,0.1985513498686271
1615127371195,1.062945091818748,0.1892651116027848
1615127371437,0.7942108500900842,0.2136556169987185
1615127371712,1.026676576720089,0.27233346163773353
1615127372063,0.9465452874571536,0.2689535018195355
1615127372552,0.7690729848987329,0.19791625513044142
1615127372733,0.666133462276753,0.23291845922867993
1615127372942,1.11998162851051,0.2010400432406163
1615127373144,0.8079344652112282,0.205501642700338
1615127373441,1.5836518208765133,0.2865872023661409
1615127375790,0.9198267512994951,0.17967039759356784
1615127377835,1.1901685577664292,0.21421873340432418
1615127379867,0.9193215097091554,0.27478958967827216
1615127381066,0.68070081599178,0.3102807720038885
1615127382495,1.7570823743967074,0.1406219509140998
1615127383070,1.5640797590454485,0.20425440173585097
1615127385754,0.7598680675679834,0.2038975291290035
1615127389560,1.833053027773158,0.329272410751678
1615127395670,1.1640325152303017,0.08291002331603048
1615127397100,0.9419402351827131,0.017355129962526084
1615127398253,1.0669913618225462,0.11768640394103125
1615127399111,0.713122787757157,0.1384156843386002
1615127400097,1.0070691504264657,0.16489355207045486
1615127400412,0.9067847993072129,0.12977989879556007
1615127402945,1.0792200500131541,0.1372025335428615
1615127412459,1.7105592366428022,-0.550644991743821
1615127418690,0.8217397454938158,-0.6802845175636172
1615127419492,0.771073071662737,-0.5908346613499025
1615127419899,0.8250525097751844,-0.6900021380359878
1615127420042,1.106947015793672,-0.6975173934943113
1615127420233,1.0359963340204754,-0.698349295685893
1615127420526,1.110436480518688,-0.672036273497921
1615127420929,1.1063383022566902,-0.6124111247456043
1615127421196,1.3306732023495722,-0.6021861079153976
1615127424187,1.638947336543847,-0.6007871602681161
1615127425056,1.6615551874417105,-0.5564646471775823
1615127425413,0.9179011507033399,-0.7420906882243345
1615127425663,1.2319042439413779,-0.7597000762844344
1615127425783,0.729061896159876,-0.6196973250615292
1615127426146,1.1792069444437665,-0.7323060292075869
1615127426460,1.270587329286019,-0.6180116669634188
1615127427488,1.242267343651858,-0.6381565611495024
1615127427668,0.7620140078106312,-0.5716695119248252
1615127428233,1.1869324296696824,-0.590007454161463
1615127428917,1.4182277408615784,-0.7520598681144905
1615127430131,0.9962644564791348,-0.7018119464467252
1615127436438,1.0649282198976295,-0.2639448421319368
1615127443025,0.6955265464212854,-0.352204876681371
1615127445476,1.53843023246365,-0.32685107955771264
1615127449542,1.658610822559524,-0.23806680828918303
1615127449991,1.6599365626636313,-0.31738417791953855
1615127450334,1.1777127007417476,-0.4115515052250809
1615127450791,1.6958166918679511,-0.27465200226507847
1615127451136,1.275729366706858,-0.32923479962385116
1615127452783,0.6661414470958121,-0.19849207064763696
1615127453300,1.3647869041701441,-0.3060673727011618
1615127453683,0.9627923070601924,-0.29430253538206785
1615127454297,1.2484609838582579,-0.17452882744021858
1615127454989,1.3232246198645032,-0.29905556496491403
1615127527180,1.0321196187145936,0.4564362553411312
1615127537483,2.1688683771522816,1.2380147535010173
1615127542471,0.8631561367319841,1.06751657671514
1615127546248,0.9810460165135791,1.1805335748158223
1615127547957,1.3349331602902137,1.1350387940922342
1615127548136,1.0864251200699848,1.0665195881286547
1615127548283,1.470606591634234,0.9690848665725527
1615127548930,1.366369379941185,1.2047852091938078
1615127549466,1.1691077114241666,0.9749655947819115
1615127550243,1.1771054601791429,0.9476548239182058
1615127550612,0.8087299201064809,1.059019763196682
1615127550991,0.6613716030240689,0.9107641492475838
1615127554525,0.940145415492909,1.0540032885602568
1615127563263,1.1055773715927308,-1.087507944133148
1615127563513,1.0895428717468016,-1.1358189126438507
1615127564652,0.8923932365564073,-1.0193655778246882
1615127565795,0.7914863918691346,-1.0256290623169098
1615127566323,1.0794754546718754,-0.9859266913763345
1615127567329,1.55206759315751,-1.1548781302579916
1615127568891,1.1130028737852191,-1.0159669184394717
1615127569457,1.1437026034518263,-1.0695231740492503
1615127569745,0.4142711103612444,-1.171803719658897
1615127570866,0.6911536232062327,-1.0622126032607975
1615127601077,1.1753114171951253,-0.2622810694941502
1615127601857,1.0213136928346214,-0.2930697211786151
1615127602235,1.243683266390037,-0.3118421587872615
1615127602658,1.2888891967704255,-0.30300423538056687
1615127603271,1.1482299764068868,-0.293606393134475
1615127603436,1.4711777838883573,-0.24786121508454584
1615127603718,0.8689834066327556,-0.32700716725990575
1615127603939,1.1205247940880079,-0.2719340310120548
1615127605496,1.52152042837215,-0.36073852225675185
1615127605770,1.3144026736289804,-0.31097122211848793
1615127661225,1.7283126107430846,0.4416756395052055
1615127661520,1.5441538894842233,0.4723628118979004
1615127664251,1.153376445716622,0.3784976510294926
1615127664452,0.992856414414347,0.37128722503642053
1615127664914,0.7141355898744575,0.47317186553291735
1615127665773,1.2207594886519009,0.5025846419022528
1615127670794,1.4636497817841256,1.2199857617114296
1615127685368,1.03723976156698,0.8452459752511916
1615127685679,1.2910272286586253,0.7289870668427857
1615127685879,0.842350799327479,0.8912419059959863
1615127686427,1.0620123960262475,0.967042292962855
1615127689666,1.398353933360044,0.8201422614939644
1615127698657,1.323255159188966,-0.592300719940396
1615127707793,1.5577443400139674,-0.5308827968552285
1615127708446,0.9862722438614395,-0.5835624385725229
1615127710667,1.0949893166790743,-0.553171279613891
1615127710828,1.2442512251229247,-0.6134363951181769
1615127711092,1.001352069146886,-0.43930534533559085
1615127712530,1.437402023275426,-0.522279364836149
1615127712930,2.471631910965214,-0.5902495090494058
1615127717924,1.3487812750657109,-0.35552334183359946
1615127723235,1.155799782764669,-0.3393289278741827
1615127723758,0.8177324490052629,-0.28469384571652756
1615127724030,0.6265969844118409,-0.3318603040783785
1615127724698,0.9157637518774433,-0.27572059056180875
1615127725035,1.0962080469817475,-0.26759680777565276
1615127725344,0.7614412586579379,-0.23576183592373035
1615127725701,1.600173591731016,-0.2702992811243097
1615127726557,1.1488304650643744,-0.3291028414922843
1615127726841,0.8334940607476805,-0.26788495410813895
1615127727719,1.597196970064386,-0.311852437797955
1615127728391,1.1608216702337988,-0.33398682782524514
1615127728642,1.289239635781262,-0.31517338270804074
1615127728963,1.0426250239260675,-0.33188738596823497
1615127729206,1.2851414669844223,-0.3387841542104737
1615127729653,0.824667961511502,-0.3499296421255833
1615127730048,1.105344057164379,-0.34052228787024963
1615127730830,0.7649549398886684,-0.3374438801230415
1615127731078,0.8958202257785504,-0.2807730898337224
1615127731311,1.6848438168548183,-0.2971022794923779
1615127731860,1.5029517232405745,-0.3457168141729623
1615127733182,1.1412480785948498,-0.3185455370602204
1615127733755,1.6590216206414574,-0.3708183300805594
1615127734837,0.9999384649302239,-0.399555300682237
1615127735097,1.4766911525224173,-0.2877969495444257
1615127735385,1.3263553402870538,-0.36807313440256273
1615127763675,1.4375556116576833,0.3202623410533225
1615127765334,1.0563504185909125,0.4457513590876563
1615127765545,1.3778563026283284,0.32416711290048283
1615127766554,0.4920833369672853,0.2685467130209227
1615127767013,1.376735095553006,0.2936165425444768
1615127767926,1.2335115138371362,0.3296139353506964
1615127778294,1.7256383044581538,0.3595982714124857
1615127778721,0.8642311016543118,0.35335400778332726
1615127779133,1.2197183586812828,0.30540089775540147
1615127780678,0.8683951355989517,0.2981599509038517
1615127780885,0.978976606477592,0.34477318674511936
1615127786679,1.4557030852955253,1.9709978618153232
1615127788067,1.1395534974898645,1.6420404399721091
1615127788606,1.7597670391022078,1.7647614437334371
1615127791762,0.5792453792128855,1.5713376676305881
1615127792572,1.0628335467672196,1.3788491132933696
1615127794031,0.9191312938871641,1.6407982279179159
1615127794369,0.7091801660218224,1.722210355347099
1615127794672,1.043153905785336,1.5977789485363842
1615127795120,0.9177233734045036,1.664143684888434
1615127795733,1.469294045834339,1.5575535925066086
1615127795906,0.8489884270395442,1.6916808925856608
1615127796189,1.3603507484281427,1.6095061978766876
1615127796371,0.8975834218027263,1.7033995470448844
1615127796648,1.0789444393373517,1.7131552087024309
1615127799382,1.2448861250552354,1.6436092966095412
1615127801992,1.0978596535866212,1.7044868100595991
1615127802820,0.661483123115808,1.566494567103113
1615127803154,1.0747112472194367,1.737017725167521
1615127803488,0.9912275568956445,1.7101618251677424
1615127803650,0.8525804353684032,1.5596593264049727
1615127804184,1.3238767054060927,1.7177160308175952
1615127804480,0.7130747345117973,1.7065636611459822
1615127805468,1.295465740421061,1.6497998040724215
1615127805649,0.6948454216540212,1.9335602840019277
1615127806032,1.071389777355349,1.631955033636587
1615127806178,1.5922077781758968,1.5224450521029405
1615127811409,2.003494497853682,-1.1758976256820919
1615127813347,1.0591245296701879,-1.2602697874264925
1615127813728,1.155336650109736,-1.1919363982258235
1615127814175,0.975584207845549,-1.2528908888048602
1615127816429,0.8269620213065351,-1.3849184592643113
1615127816650,0.9225452177360383,-1.323921903838026
1615127817984,1.482906670558156,-1.347437945356086
1615127819193,1.1386601894468846,-1.2095391616619793
1615127819600,0.9035014173269744,-1.2407801182866516
1615127820236,0.9784620262525312,-1.2494866648248295
1615127820401,1.0022150728782808,-1.2667271566812874
1615127820614,0.6834821428075968,-1.2469035260857546
1615127820936,1.0200473356573176,-1.0810391438612
1615127821283,1.0157470691828052,-1.1296181861677197
1615127821645,1.084942995272134,-1.1326264566037536
1615127822754,1.014163963674865,-1.280472421868673
1615127823499,0.5794950907376043,-1.2849604394436707
1615127823867,1.2937445587443133,-1.3191997241461997
1615127824149,1.221074961234902,-1.3461923435510998
1615127824305,1.1108810414933008,-1.2355675926811314
1615127824968,1.3099553616164026,-1.3517864518764884
1615127825357,1.1444912914918475,-1.206360148943217
1615127826740,1.0861961425692668,-1.4271588021429782
1615127826963,1.051035472250513,-1.405721262279795
1615127827385,1.1625688473408085,-1.4959108119781424
1615127827552,1.317210306378891,-1.1088719125108533
1615127828030,1.4004030197931856,-1.2524358894888556
1615127828999,1.1803576585427145,-1.2543997712871775
1615127829410,0.907715236372913,-1.354059456180135
1615127830298,1.0771020809690346,-1.2910903491726544
1615127835145,2.657506571417377,-0.6026820361437237
1615127835572,1.6919603781744297,-0.5441642539104139
1615127836724,1.4886985838986955,-0.632416791045932
1615127837108,1.5925965764363859,-0.47519743609526044
1615127837793,1.314455494519895,-0.5377248278939399
1615127838420,1.1162208916165757,-0.3475177779374623
1615127842697,1.1847002938677322,-0.5900920847923046
1615127844588,1.1115023282409822,-0.5454623941608125
1615127848907,0.9785033232809563,-0.673878042783302
1615127849640,1.4444685639185715,-0.5593593076031347
1615127850272,1.4938924794697024,-0.6520787693786834
1615127850634,1.4589388562230539,-0.569520623023009
1615127851682,1.0403047168007298,-0.5131178739093314
1615127852710,0.9481487253962473,-0.552387041947124
1615127854901,0.9444839827215643,-0.5948375685349543
1615127873023,1.345479195070447,0.5023397989456828
1615127873589,1.666181755552285,0.5323176607506586
1615127874190,1.2352926519420233,0.4857833861549481
1615127874419,1.048657782030611,0.6050936723290934
1615127874934,1.5496230013975965,0.5197922761050839
1615127875299,1.1909178474580515,0.6076958406616689
1615127876047,0.9848231667628675,0.5098340275610256
1615127876309,1.324666104280462,0.5566202125161281
1615127877146,0.7015250976645455,0.47427293741107346
1615127877679,1.1123822082043238,0.42672249500297066
1615127879058,0.9745065020796275,0.49045572796924075
1615127879424,0.8045270789910406,0.5930750946712529
1615127881815,0.6215490320912815,0.5280264727438915
1615127883445,1.3849228254413122,0.5487548672386866
1615127885867,0.846062099038234,0.49001747805031903
1615127886095,1.428685147123823,0.585048641267665
1615127886563,0.840941815108069,0.505435392601441
1615127887448,1.0343701728322232,0.5207321340564866
1615127887863,0.8660771605291082,0.6778990459770484
1615127888055,1.1167740829021175,0.5705426646764498
1615127888340,0.9749656490237874,0.5360785535084127
1615127888736,1.432554408494139,0.38743643959914165
1615127889736,0.9369558084145349,0.5535312443836593
1615127890882,1.0818060537756977,0.41397398003706676
1615127891291,1.1770090467307504,0.5254025129889679
1615127891637,1.345735645405267,0.46496418007551243
1615127892625,1.2002372085494548,0.5673381651347011
1615127896164,1.2289547657094422,1.1755458506492664
1615127896367,1.178761694884409,1.0244323981428334
1615127901600,1.2581069804899059,1.275541956053613
1615127908255,0.9932041733836003,0.970941005259004
1615127908981,0.8221220668222192,1.0468418391066208
1615127910961,1.0058347252451005,1.1653586611003235
1615127913274,0.9524275385072438,1.1723667236297575
1615127915077,0.7072662941366519,1.1027137548049675
1615127915360,1.8383217867924637,0.9084601302703402
1615127934491,0.663310119899199,4.633226695253265
1615127934737,1.0347306256861502,4.391166384680375
1615127935259,1.1324813970347076,4.533476880529763
1615127935669,0.7959096553108841,4.300163641401905
1615127937064,1.661058183511473,4.6252759841179945
1615127937370,1.1219455938898686,4.659479245363512
1615127941408,1.7376814512106746,-0.6671269906614024
1615127945428,0.7712207588117885,-0.7566995107496144
1615127947633,1.47798129447817,-0.582933617924493
1615127947855,2.0905197709589665,-0.7129546993040417
1615127957968,1.523523165085853,-0.6410395227995358
1615127958499,1.6824457798665113,-0.6656297804461464
1615127960619,0.8738880762579896,-0.7470007608331342
1615127960818,1.9388165277823863,-0.6955569358790297
1615127989286,1.0882771785237262,0.5597491510077777
1615127992726,1.328514470039202,0.5229433271437727
1615127993304,0.8922457016142225,0.5004959664147306
1615127994805,1.6732162531727879,0.5062099763381176
1615127995191,1.5480014440960117,0.5575308350401305
1615127995697,1.4596657302737532,0.43365708700419536
1615127996620,1.4759604215703113,0.552847812571934
1615127997388,1.0200013638666008,0.4969114880335268
1615127998430,1.0291124522687038,0.5939612832496273
1615127998858,0.7011931991167197,0.4935651655644371
1615127999072,1.368597040028399,0.5315877491913241
1615128004488,2.6955849882375915,0.7693301346070268
1615128005435,0.726357921767847,1.0006411027578457
1615128012545,0.8521604863137517,0.6708885787066929
1615128017169,0.8824078638007273,0.676001563906912
1615128018655,0.5261062677019173,0.6437824305680011
1615128018803,0.837239536793617,0.5761094967456869
1615128019058,1.1614488343946672,0.8519930769677904
1615128019262,0.7945291306525806,0.9378363553253722
1615128019555,1.1453319270460924,0.6780106730860705
1615128019921,0.5837724909147728,0.6662717338714504
1615128020086,1.0721282101351313,0.7867937501578611
1615128020528,1.2542955465614565,0.632289699711254
1615128021170,1.2109811652243943,0.7902940393783552
1615128022057,1.17325460812585,0.6867300994239148
1615128022951,1.4397248567451766,0.785594950142297
1615128023476,1.1505847147481596,0.7931785115906163
1615128023921,1.1097880099820112,0.5516260496507894
1615128028184,2.2538573611440884,-0.7694515922472207
1615128029699,0.7772759606055248,-0.9433842919349114
1615128030194,1.06597673146833,-0.793503624747248
1615128031503,0.9320683263789591,-0.7130123342883801
1615128032921,0.9009394464982795,-0.6939820805042878
1615128033080,0.8975974394097562,-0.9802112386672133
1615128033360,0.8378297892098572,-0.7414575660437737
1615128035863,0.8416657728905129,-0.8403421143640233
1615128036477,0.9060606549032053,-0.8747179174029518
1615128036760,0.9676402122600155,-0.7878374321310062
1615128041004,0.870650804487948,-0.609962549597761
1615128041328,0.9159072516351614,-0.8463692834374488
1615128043100,0.5646064393570182,-0.8282228715061564
1615128043310,0.9298272266941614,-0.757349570767162
1615128043593,1.2786085946870493,-0.7477603029637323
1615128045987,0.7453237648197415,-0.8368239995569051
1615128046290,1.0190052429522118,-0.8019277851711832
1615128047112,0.9270443024675314,-0.7165701568376592
1615128047394,1.1912016032129817,-0.9270614550580278
1615128047716,1.3845688170622303,-0.9149643827944054
1615128047959,2.836382663489955,-0.8264758259821936
1615128066463,1.5795530630093109,-0.2875692004909043
1615128066900,0.9854115716854168,-0.42721174770305015
1615128111004,1.5583173133121426,0.9802571113663616
1615128112143,0.931877927978412,0.8661388773343452
1615128112352,0.8240606060144712,1.0492240156164647
1615128113145,0.9847069742189121,1.0487314306655025
1615128114024,0.9725630455555108,0.9598123915979527
1615128119312,1.2522213532823958,0.7967231528644435
1615128119628,0.7194503718959608,0.8744892001682786
1615128121149,0.9198211090170553,0.9697998968308993
1615128121813,1.2811936096580048,0.8980064560411354
1615128122229,1.4833029343355768,0.8870731095807536
1615128122721,0.9345002068480859,0.9640685175351201
1615128122883,1.390178565227773,0.8485160227035293
1615128123299,2.9107645115890577,0.8365958659216026
1615128127369,0.8687578458185075,2.2854909100106755
1615128127678,1.2029067584709079,2.4413168438198563
1615128128159,0.7606809820592922,2.2805932425383744
1615128129877,0.7963766170475464,2.286052531792132
1615128130318,1.0624030729872018,2.2570273221362336
1615128130563,1.214177864358536,2.1649729566763463
1615128134814,1.1561913563484645,2.290414129473211
1615128135093,1.2407692374580734,2.3203612641644686
1615128136147,1.3901599461310137,2.2937048325473715
1615128136397,1.1323874297670133,2.2899055089587375
1615128136690,1.2624177590164654,2.227586596022277
1615128139361,1.3966649106611184,2.267849356425377
1615128139672,0.8630885374551576,2.1791338218490197
1615128140046,1.1925385249472429,2.273453684522008
1615128141184,0.861699344961447,2.224076969917806
1615128142723,1.0799796383577822,2.2048433095479916
1615128143304,1.3313325101715505,2.2491594812084013
1615128143564,1.1439758425188735,2.3254291905070117
1615128143746,0.5357787334610267,2.3066189628878293
1615128144837,1.0642271215264874,2.3174863424163066
1615128145080,0.8831453163680503,2.23623016410969
1615128145587,0.4286385503741147,2.3621310399111666
1615128145868,1.5842581760819674,2.2504957563546917
1615128151250,0.8073472643999695,4.591715637046503
1615128151891,1.7502880542212649,4.627799551858544
1615128153390,1.0588543221157487,4.360812154022938
1615128153703,0.7003964083380081,4.400417931240342
1615128156022,1.255872547793279,4.595376754874783
1615128164086,1.1604418318061878,4.468404922011528
1615128174056,1.329067503831408,-0.3601224220120811
1615128175067,0.8260765849471681,-0.3242243424637332
1615128178640,1.5036733753675233,-0.29202372061054405
1615128181125,1.5370683191197307,-0.3392249872277564
1615128182052,1.1983553468316712,-0.34037382795146676
1615128182254,0.892780119763845,-0.4607431355886251
1615128182847,0.8936936343486117,-0.4016669683693841
1615128183092,0.7895472972831845,-0.5333196512532679
1615128184210,1.426939681334963,-0.3564676051002258
1615128184608,1.0677515831303814,-0.41621115563909883
1615128186021,1.2026690409818073,-0.5020424798199059
1615128186557,1.3424623701657117,-0.4257479247529037
1615128186720,1.1425665321652465,-0.5576229783323483
1615128186951,1.113771577136294,-0.3823395260200253
1615128187158,0.5944418005578647,-0.3360396160783161
1615128187493,1.2113368515877903,-0.3245297084259151
1615128188529,1.6627390385991863,-0.4413247840259573
1615128192108,1.2930819867744714,-0.4241657365250111
1615128253887,1.2952830337681394,1.3763441965938432
1615128254236,1.0164685079739553,1.447174982308676
1615128254700,1.379123111515105,1.5820815474020526
1615128254961,0.6330806834831919,1.3840892098358866
1615128255667,0.8351733786804498,1.4148994729154152
1615128259794,1.4811445651736297,1.5730575894870467
1615128260503,1.0023412992176501,1.5902414063382142
1615128260762,1.1416008708681173,1.5867111929744164
1615128261163,0.8038408995482076,1.495887908841619
1615128265836,1.3207145921515213,2.640079716326658
1615128268076,0.8513485559855928,2.609463895176228
1615128269268,0.7954423169502156,2.608930894288238
1615128269396,1.1173509950374285,2.5261099010672825
1615128269617,0.6969561568735454,2.6726389062275615
1615128270108,0.5355203139622077,2.5495284411731745
1615128270257,0.582342935396113,2.5119703202331496
1615128271680,0.6814349349028286,2.484407561879443
1615128271981,0.9776203077298676,2.5288346871897627
1615128272287,0.8460785329061526,2.6683417197481454
1615128273825,0.8014080540747168,2.551230841150002
1615128274182,0.5521821321943884,2.7034676226095167
1615128275664,0.6814785863317366,2.691976989532148
1615128276087,1.2512497055162348,2.6885842507872626
1615128276327,0.77138321555174,2.7244029266705176
1615128277098,1.1701963417717844,2.649796808564428
1615128277262,0.7833561763817916,2.769278842526525
1615128277397,0.6977972101843094,2.6078797665765014
1615128277909,1.4308793846268508,2.8241587042645326
1615128278306,0.6917626142849544,2.622523643034765
1615128278654,1.5820817790977766,2.703929862627338
1615128279040,1.3939462896453025,2.6609011146132344
1615128279445,1.0102250111693125,2.624628864061958
1615128281390,0.6305697959060083,2.578113209535274
1615128299831,0.6612183025641246,3.9565434891200053
1615128301298,1.190836737093327,3.8969771079692634
1615128301699,1.0001258769006627,4.209439326119591
1615128301964,1.2440913575091677,4.044803352484273
1615128302572,0.8703181743804913,4.016356490253621
1615128303038,1.0727965511098518,3.9960572119926177
1615128303739,0.9027949424031221,3.967298562252538
1615128304633,1.315686602791009,3.920498794750045
1615128311445,2.9004008567868302,-0.3926426683894111
1615128312000,1.9403799050976303,-0.09584991589930447
1615128312276,1.6779489928804716,-0.3138314687442727
1615128313828,1.1357490819597302,-0.7041677624144498
1615128314160,0.981538785021671,-0.5711564616567366
1615128314520,1.4206612945040349,-0.5073905425418177
1615128314792,0.9101066353345345,-0.2041923865174209
1615128315148,1.5146070243751832,-0.3804517619457526
1615128315815,1.0565669280992187,-0.5183460378340539
1615128316854,0.9107175431166921,-0.29024109363505635
1615128317272,0.8318413891559504,-0.7450093414438554
1615128319392,0.9829364627242911,-0.06848383774077371
1615128319882,0.8341850220766804,-0.48932692356913154
1615128320160,1.2842723323522067,-0.5899911062297125
1615128320625,0.6352691710176904,-0.2877765972025701
1615128320907,1.251390530122531,-0.42023848579080103
1615128321374,0.8715630070816873,-0.4735316327215995
1615128321577,1.095548545551529,0.03846280158932225
1615128322426,1.4522363230933533,-0.6041622687275963
1615128323254,1.1588514217107797,-0.5147308608043266
1615128323708,1.455317633396256,-0.26640068745553136
1615128323956,1.299782688392436,-0.6066436241287652
1615128324124,1.2340094602672433,-0.21735128661072145
1615128324994,0.8037543182929188,-0.4489176948427507
1615128325640,1.0122178430699786,-0.5446801481353267
1615128325988,1.2441701403059011,0.09742999301802446
1615128327557,1.1477400729655238,-0.13717368939849495
1615128331085,1.1745691665896905,-0.4573857485835666
1615128362606,1.8226974168856,1.0097850762386802
1615128362926,1.3941318230106092,0.9379088446646642
1615128364599,1.7154322981583379,1.0339127798042966
1615128365852,1.9140701007040017,0.9163066325387264
1615128367872,1.012394702115635,0.9918247993408453
1615128370609,1.6878937375842633,0.9668207473515456
1615128370808,1.8263508189094506,0.8569910157080832
1615128371428,2.1645882648161856,0.9887476993447992
1615128371647,1.7180170636480099,0.9750500187717208
1615128371818,1.6723251596992863,0.8573819361690659
1615128373070,1.108996785107699,1.1555873516112474
1615128373477,0.8851531267967088,0.9000882604183189
1615128374602,1.5016866929981734,0.94135269868549
1615128375253,0.7412443911758948,1.0544092499609226
1615128375664,1.033512236261778,0.8998737633641933
1615128375905,0.9755741615164795,1.0030313543340672
1615128376120,1.3196554305117962,0.8974947524192206
1615128376394,1.0735842155020838,0.9805616315715405
1615128376716,0.764242480890494,1.092625482579398
1615128377112,1.0597136744205693,0.9453397234246143
1615128377821,1.161967166189783,1.0437893835450014
1615128377963,1.1242122012439992,0.8990938621160534
1615128378164,1.3335159860767196,1.0034271925420353
1615128378425,2.5130517987773286,1.0470519601039272
1615128387679,0.9706706491498271,1.4499356987322813
1615128388020,1.2788166473765896,1.9016026829457635
1615128389926,0.8961821119238076,1.4750045252294697
1615128390475,0.7977437594766315,1.5856724728939589
1615128390818,0.7261414645192219,1.5909166795804754
1615128391720,0.6315368747639304,1.624343029775668
1615128392377,0.987253537568638,1.781844633954772
1615128392744,1.0178344466802682,1.8282934879433999
1615128393600,0.614751759124115,1.5184602629527304
1615128393887,0.760573600242263,1.7710193978613074
1615128395186,0.8087806049860957,1.619330518866523
1615128399738,0.7987794987017758,1.5095868953616007
1615128400305,1.5193873373110425,1.6223644776673811
1615128400909,1.738086687417979,1.3855472973476926
1615128401054,1.8628853592484063,1.3986523934470654
1615128416939,1.5762476140392305,-0.9859262443022749
1615128420940,1.2550622766805137,-1.0188002480593399
1615128421281,1.2490580073697777,-1.0401428631535996
1615128421592,1.0097459435668243,-0.9947027609347585
1615128422208,0.6093617859058379,-1.0603492634767675
1615128423339,0.813711971588186,-0.7381081693426181
1615128425243,0.8668152033622318,-0.9656838890255179
1615128425997,1.560161061115744,-0.967598935545094
1615128429494,3.065143491998055,0.21303452384246824
1615128436029,1.487718397810101,-0.17706461089717251
1615128436422,0.848909127283815,-0.12541588612082566
1615128436837,0.976952340504414,0.05314356419960364
1615128437451,1.171591693603201,-0.4165300794099882
1615128438875,0.944529592583718,0.01250404160031482
1615128439220,1.193013186057103,0.04421134996279252
1615128439612,1.2767540513629485,0.0013966168329733186
1615128439866,1.444608247519561,-0.057852190229194855
1615128440513,0.9146785446186225,-0.1405256839663267
1615128441050,1.058386913739756,0.12135162724974857
1615128441221,1.3086272471826326,-0.026389166360152094
1615128442268,1.2680775583978625,0.2081997613552411
1615128442804,1.1514012578187043,-0.12826238866294837
1615128443300,0.699854178806407,-0.0806033480643642
1615128443502,1.1556089235781961,0.13037614835004918
1615128443623,1.3915262195693312,0.021154967307290384
1615128443908,1.6590074109105217,0.20324221227129802
1615128446319,0.9829864797782835,0.2092920633057489
1615128446983,1.1384167759473076,0.05819749698245613
1615128448509,2.219316085733804,0.08190879888374747
1615128448800,1.345382686202992,0.23023683406695405
1615128467567,1.9405339841294005,0.24279523034307382
1615128469100,1.3535636127441872,0.16236350059948923
1615128469303,1.0672636550280084,0.17935667954458823
1615128469546,1.262404014387428,0.23769595838183144
1615128470319,1.0717752118249932,0.24073701688897842
1615128471990,0.8141003907734357,0.17608706999311607
1615128472216,1.2942625833262436,0.1665931077641345
1615128473517,0.8679565803463268,0.22894395339308393
1615128474197,0.8843066693426065,0.21728968636828117
1615128474572,0.7076788405188936,0.11592587499781626
1615128475536,0.9328200987639533,0.16445884370806496
1615128476120,1.1503115324907904,0.17827257836043287
1615128476417,0.7277575726123979,0.06484439215220705
1615128477271,1.2435243696785483,0.12983590273223844
1615128477626,0.9906198781880214,0.08039062216745352
1615128479777,1.0292905256937832,0.14967435014475927
1615128480161,1.1962272589306393,0.23749792415665083
1615128480477,0.6582484890200517,0.18846009086448556
1615128480798,1.311386184917222,0.154487918990466
1615128481484,1.063494911288201,0.20266419205977004
1615128481778,0.8962602689035181,0.11701900096792239
1615128482263,1.6712609679866448,0.15269776176307603
1615128502519,0.9485099999218431,0.8187336152516563
1615128503472,1.1963743647804321,0.9049460495822327
1615128504077,1.256842206260582,0.9147329885594693
1615128504778,0.7220771133993441,0.9258523174894323
1615128505056,1.1212671347219445,0.9337221323918079
1615128505456,0.508627761002953,0.7938191350201825
1615128505797,1.2022621502614133,0.8276348138839242
1615128506076,1.2997112480877708,0.8672799640523969
1615128506696,1.338592436951622,0.888418486850756
1615128507192,0.75161664409181,0.9449313929510603
1615128507811,1.022890851014743,0.9145612790223122
1615128508340,0.6081622663384878,0.8783820750319666
1615128508655,1.381265463428214,0.8609158154529942
1615128513215,1.489446568723109,-0.9180874843054441
1615128513566,1.8488026602952536,-1.0001056562626123
1615128513887,1.3731874823318428,-0.9134050741682627
1615128521584,1.2295316942280823,-1.0965378836538342
1615128525088,1.0919927293443488,-1.0918102554451954
1615128527406,1.3299630480281206,-1.141218976361408
1615128527671,1.1423156357099251,-1.0325895230283684
1615128528282,0.6560815844225626,-0.9886187940276061
1615128528623,1.2945703489808116,-0.9158245836903269
1615128529338,0.6180092392221934,-1.129027824849572
1615128529592,1.305539700137693,-1.042769044517022
1615128530309,0.7569100415612651,-0.9090538927227572
1615128531320,0.7161916019113826,-1.134880321667966
1615128531512,0.8232277535231598,-1.2943684978459453
1615128532805,1.401818988629215,-1.1496826085162621
1615128549767,1.4587940056686244,-0.3081803204245239
1615128552489,0.6884554065599184,-0.25319737768102923
1615128553640,0.9430938673735705,-0.2206486399874925
1615128554151,1.47670102055545,-0.19319791359342808
1615128554419,1.6952140148112447,-0.1588723971319299
1615128608050,2.929368461091376,0.32200174817321225
1615128609897,1.1314258560896868,0.355710900718303
1615128618265,1.1339366959036017,0.33350956110692875
1615128618632,1.214318443046777,0.3147987758158113
1615128619115,0.6584938363969164,0.3589997071889339
1615128620401,1.4511974630582036,0.31647408797679755
1615128620547,0.8946678476071069,0.3127149622756662
1615128621010,1.5883260424288796,0.35159379725736994
1615128621419,1.3936007633836018,0.340205675969375
1615128624703,1.377108817907651,0.27084604930643397
1615128625741,0.6294157690614408,0.30631263980749646
1615128626755,1.2595835836870368,0.3528968195660718
1615128627251,1.3155881914301089,0.3553032183168392
1615128627817,1.5164917252736554,0.295910666325953
1615128638075,1.198164832546231,0.30634415573788853
1615128638759,0.9059509271367981,0.36408227484793176
1615128652205,0.9452398672836824,0.17413454638090142
1615128653763,0.8860965774147258,0.24583554382613304
1615128653909,1.1245213853044436,0.16446681197127688
1615128654156,1.2030405354521758,0.23128700438182404
1615128654594,0.9250796156009096,0.155531751386641
1615128655086,0.6368673530501394,0.19556737953790915
1615128655523,1.7377464408246523,0.19337178052945592
1615128668242,0.4992026804750391,-0.3887067482712656
1615128668561,1.1192443899733449,-0.48017413197775927
1615128668745,1.3947633194005387,-0.5203975194870494
1615128669597,1.2791423233967474,-0.5203753596470109
1615128669957,1.3934205071050523,-0.5037229732880673
1615128670172,0.5722009682860947,-0.46361543241071157
1615128670728,1.0926923043690222,-0.5301020927616329
1615128673463,1.3382918422900367,-0.4314754733304813
1615128674219,0.7715708724493497,-0.579731595892881
1615128674587,1.346497669243246,-0.4747935586474217
1615128674891,0.6673163036704001,-0.5633036327819458
1615128675115,0.7717967614263453,-0.5533328857172126
1615128675424,0.6525801010100302,-0.43981714550484075
1615128686099,1.9083495603826848,-0.17022947078545014
1615128695993,0.665642537089889,-0.25283556732470114
1615128698101,1.5312252294546709,-0.18714295517237933
1615128698566,1.1429244385487456,-0.2686157044032791
1615128700385,1.3390308986251263,-0.23778217185162576
1615128700586,1.1900774729513928,-0.26219268185165556
1615128701003,1.1997820386427878,-0.20888053810852591
1615128701512,0.444640229769313,-0.2659844400851361
1615128705405,0.9398271606148546,-0.23728751892786404
1615128750828,2.0879690440335086,0.12073021448405408
1615128751257,0.8444623659580371,0.10191070119464185
1615128752476,0.6550500945432333,0.1134727250650085
1615128754499,1.6019427996587035,0.17343154018546936
1615128754688,1.6107630213902526,0.14978851071318577
1615128755134,1.7306865620225045,0.13151277761458657
1615128755376,1.1863838989968891,0.15579797040070975
1615128764541,1.1024059593072413,0.10984309120478275
1615128765484,1.630128748806914,0.18246897711705734
1615128767804,1.1207026620881058,0.1185060613297706
1615128768133,1.4588203914361244,0.16618537348604656
1615128769650,0.8238010030629302,0.17174055181027503
1615128774420,1.8390371538247507,0.2692321132504114
1615128775258,1.2373276571824205,0.3034564490799432
1615128775609,1.617968291187902,0.2843361651292382
1615128776300,1.5895409681021988,0.2896945470983785
1615128776945,1.3206637888235546,0.3010524520081064
1615128777210,1.036217281824323,0.34293085084160135
1615128777625,1.338165063118396,0.3115286063844622
1615128778464,1.010372446071865,0.2798297923045532
1615128778834,1.8536530948467915,0.2505591910413445
1615128779272,1.8680781108212439,0.289748271163186
1615128779604,1.4036984949640396,0.22994347290875217
1615128781895,1.1241954483349117,0.27037863993047706
1615128782284,0.9586759634061234,0.35608515028533927
1615128783935,0.6969318464440545,0.2475555645636125
1615128784205,1.274287946488931,0.3307390512897608
1615128784979,0.905276554441101,0.18627493243368853
1615128785202,1.2871729632714148,0.35119050618388603
1615128785564,0.7349650771497029,0.28737031210402986
1615128785985,0.7394391299921127,0.27472060072629123
1615128787219,1.4168365353485108,0.2747677700638369
1615128787621,1.36169488812529,0.3383604986805202
1615128787848,1.4061750087905254,0.3377894745582013
1615128788176,0.7986468152223991,0.2657202332594446
1615128788493,0.596201260752619,0.16756460549365615
1615128788773,0.8976508141075401,0.19515841712263393
1615128789019,0.9963066194138337,0.3350431399326492
1615128790016,1.0909798768286252,0.28778636258071044
1615128790452,1.4786229056288926,0.262614667552139
1615128790735,1.305426110537178,0.3614868434847489
1615128791049,1.5363045060309068,0.29354991480664583
1615128791890,1.1518710479805174,0.26691890173977906
1615128798195,0.8682838064811315,-0.5396757466065694
1615128798558,1.4026845385771365,-0.3982292725085841
1615128798944,2.001342040819603,-0.4351015574406074
1615128802193,0.8677272371611013,-0.42186485675896823
1615128804224,0.9344108063725189,-0.414515754038578
1615128804628,1.2962555324958172,-0.37280941000639745
1615128804969,1.070382625866912,-0.4220305910067026
1615128805464,0.9256561394785807,-0.3951811290413034
1615128806265,0.9304490770990657,-0.42928235676580506
1615128807287,0.7914986182149827,-0.3595872103460369
1615128808088,0.8194738150143814,-0.47191468481389176
1615128808608,1.288525524170397,-0.41752483354310854
1615128809315,1.3553132600380224,-0.3846763718703563
1615128810064,1.5446623330670581,-0.3992977983493984
1615128810515,1.264290864474669,-0.3794874236268697
1615128810872,0.882812474166677,-0.39271256637687224
1615128811142,1.1884407958693113,-0.4101174067877611
1615128811860,1.361135634382099,-0.35774630117040873
1615128813430,1.3233251759380402,-0.3948061122140587
1615128814544,1.2557399368751088,-0.43021310945132596
1615128814921,1.0354951756648045,-0.5096543567866352
1615128815347,1.1962567093286636,-0.4230403494589965
1615128815642,1.3042892872692198,-0.41635453158372093
1615128816212,0.7608940152358974,-0.3715287384869883
1615128816675,0.9603215870516455,-0.48130256413158623
1615128816905,1.0467275089678307,-0.4414131436396911
1615128817241,1.318995975047652,-0.45466588111215644
1615128821610,1.888099243075798,-0.2269241684804173
1615128829576,1.5276117457699754,-0.24047608083557614
1615128829960,1.6607444989329934,-0.27538293255620117
1615128833660,1.1528689737512838,-0.32898863681697943
1615128835718,1.7020188604674449,-0.30871389940457217
1615128840105,1.2458004945957684,-0.32004213627081524
1615128840432,0.8543419373740602,-0.3029735937285094
1615128840653,1.1316009332859842,-0.29719683580488887
1615128856528,1.7169560447753387,0.5055377091164523
1615128856667,0.9204562927721238,0.43006540812746086
1615128856877,1.6448063756920535,0.4426403325764803
1615128857161,1.3636670633440016,0.4878787367566213
1615128858083,1.6358332838349456,0.4262771059723671
1615128858564,0.9337881500189003,0.5430143683915294
1615128859023,1.559533954068856,0.5008748911247971
1615128859314,1.3962564941264226,0.4677346556942381
1615128859751,0.994841109586716,0.5161141231039867
1615128860164,1.572677595534969,0.49834452933993645
1615128860409,1.5312784750100454,0.4255927350527884
1615128861169,1.4436546321292982,0.4921082212892307
1615128863795,1.3401363032891034,0.49129136253483563
1615128863924,0.9871079612018352,0.5168846905894646
1615128864809,0.7835749349487797,0.4894393115591327
1615128865196,1.2845457414959283,0.4853379408544136
1615128865358,1.329817959346443,0.4964491812534846
1615128866043,0.7704642322919188,0.46220439385710455
1615128866356,1.278388453423407,0.3994286234290918
1615128866529,1.3662995172477554,0.43041474963323734
1615128867035,1.5685702608947354,0.5113138001854389
1615128867867,1.184113202791625,0.4732599766756842
1615128868156,1.1743480463506502,0.5091604353591359
1615128868370,1.109802878809846,0.4911072901626343
1615128869380,1.4670682517872426,0.4090250781663398
1615128870211,1.793038348674886,0.4713823319031363
1615128870657,1.2294669607192377,0.4350568173615874
1615128870933,1.217308413567482,0.44164912324328687
1615128871084,1.2552582072188445,0.48836127040076227
1615128871706,1.2554477714707035,0.45352397113419163
1615128874416,1.3689091944844365,0.4782115388902102
1615128874841,2.8689666524978215,0.49753823763056504
1615128887939,0.6525150489216517,0.841264996707284
1615128888619,0.9369487463142212,0.8331666579748511
1615128888877,0.6421559025601304,0.8510299179363084
1615128889179,0.8569378009445301,0.8513956653176715
1615128890672,1.0090982157637431,0.920217842319146
1615128890874,1.1701011730266084,0.7616942451870995
1615128891187,0.5859261220796664,0.9102953524316819
1615128891459,1.1507277803294738,0.7329373710067396
1615128891724,0.6356291495514264,0.6145452217536012
1615128891977,1.0956455825257527,0.6847283764211116
1615128892672,0.8676629465111195,0.8261160916268115
1615128893868,1.4303798078429368,0.8535999789182602
1615128894960,0.7966804925908225,0.8696885689344038
1615128913861,1.1055769939405604,-0.4403468529869472
1615128914425,0.831476976263168,-0.4705906695804889
1615128915174,1.6793153260036822,-0.5304075350312552
1615128916187,1.0960759229217758,-0.5464205548686607
1615128916489,0.9653789663238139,-0.5650735126814679
1615128917034,1.0629151807785355,-0.526726989524529
1615128917946,0.9662496813808911,-0.6544122343989112
1615128918936,1.5421637721313943,-0.5496215727068563
1615128919247,1.1391603527102687,-0.5697367223616525
1615128919536,1.1413467878129238,-0.6142133967157895
1615128919784,1.0059149836426255,-0.5124291938111956
1615128920098,1.2789331004674407,-0.5522534811041706
1615128938450,1.2009679122281065,-0.3214774848177717
1615128938951,1.143199459489899,-0.30192448812145867
1615128939753,1.4479931690442527,-0.2556709118343532
1615128939957,1.7440422110517178,-0.2860353858276652
1615128940877,1.9013833960133177,-0.3094245272005238
1615128941140,0.7207610173617043,-0.2588819919033112
1615128942084,1.3154675737114871,-0.29976360105052624
1615128942328,0.8181986198456926,-0.32149866318791775
1615128942596,1.582722641884228,-0.3227620523294381
1615128942998,0.9774906771179435,-0.24545235986822234
1615128943583,1.8784961588601767,-0.3297637873414463
1615128944342,1.0116874680329928,-0.23513620878304597
1615128944631,1.3925901082212582,-0.29491229132541785
1615128945016,2.0795606891716676,-0.29562854284180884
1615128974278,0.7582569689188059,0.27073703577693276
1615128974531,0.9910580555795665,0.2811127277173717
1615128975307,1.1010038502778274,0.2456093667662429
1615128975472,1.0253630385680843,0.19939367336355152
1615128976186,1.01568611895012,0.2423838500565103
1615128976425,1.0885720666572785,0.23444176469084388
1615128976963,1.4138225408996514,0.2110723162390047
1615128977992,1.2283568584617164,0.25085993900220926
1615128978539,0.6138670477278917,0.12670529478995496
1615128978758,1.245271385675581,0.2587820892389763
1615128979352,0.7008285819370633,0.23791483845673156
1615128980377,0.589861462075131,0.20561685723015577
1615128981501,1.2151713785372926,0.265719899896957
1615128981902,1.0428889814731999,0.22781159850609023
1615128982277,0.901554595041296,0.2632039353816784
1615128982716,1.316019612917162,0.17085826169022078
1615128983446,1.2106105834771894,0.25358157247274304
1615128984258,1.4060837268450024,0.25931529341833204
1615128985092,0.919775907905775,0.2319213715309849
1615128985623,0.8638460841139673,0.23070396977228635
1615128985795,1.1020602112101099,0.2819509264598141
1615128986259,1.240062611875899,0.2405198124433412
1615128986508,0.8971368036938654,0.2527103765898624
1615129003064,0.8102706473292183,0.5643842351170929
1615129005957,1.5250795201994005,0.6639018575469116
1615129006326,1.5812274019660486,0.5503810323232279
1615129006621,0.8290469842819661,0.49378144626561893
1615129006963,1.0367787746128478,0.5677025958443012
1615129008135,0.787545740358897,0.5791357387764385
1615129009419,0.6013591147147932,0.6037595551779165
1615129010271,0.8179660923493959,0.5748872105163225
1615129010867,1.1488781525089782,0.5892628849834682
1615129011068,1.1099434084943696,0.5799659700728654
1615129011434,1.0964710559824768,0.559703235381263
1615129011717,1.049666292774913,0.530478587226535
1615129011830,0.5209326010446479,0.5659534610085484
1615129012179,0.7881906474657038,0.5017361748406626
1615129012383,0.7978292512167817,0.5910559502543621
1615129014032,0.9138759137315745,0.5392414216552341
1615129031365,0.699703669594191,-0.4149594442673812
1615129033508,1.1316094284263412,-0.3293750429997553
1615129033755,1.0352853778917446,-0.34762272843448416
1615129034119,0.9927185421234894,-0.3117160668219101
1615129045517,1.5055905958253226,-0.44862526252536794
1615129056442,1.2654777384819926,-0.40106766613109834
1615129056702,1.462232782347481,-0.42273239587506173
1615129057748,1.233029092377468,-0.3916886695880908
1615129058987,1.1435558969131958,-0.3947519677448099
1615129059347,1.0955739879927233,-0.4220905544297817
1615129059935,0.8092575428170867,-0.4319846282616884
1615129060135,0.4882219830687412,-0.4247492818866303
1615129060540,0.9807741920207906,-0.42349213102663397
1615129061147,1.163350617811374,-0.4180660967702905
1615129062561,0.8065052422428975,-0.422677836143345
1615129063268,0.927497076564834,-0.36342122198453675
1615129090402,1.471248535196913,0.39192670336475155
1615129090788,1.2188397716424753,0.4174133313764983
1615129092157,1.4483248587523008,0.35901428872315155
1615129092829,0.8855747965922433,0.4108305223469615
1615129093476,1.165007727780258,0.34927403060116036
1615129095207,0.9374343250328987,0.39728408688470607
1615129096358,0.9941945970571895,0.3772580453437533
1615129096730,0.8155932282918292,0.46470294733213535
1615129097228,1.1312046572341807,0.43111614415983257
1615129097518,0.9139214993725828,0.43266842704472763
1615129098429,1.431672278444163,0.4181242994690355
1615129099352,2.5234243193964003,0.44209061914673775
1615129116402,0.6953058283140057,0.09767296287917682
1615129117568,0.8890596769720622,0.05809438477560991
1615129118028,1.2317028366256806,0.10515499725139277
1615129118162,0.8501953238012636,0.08261075440769816
1615129118724,0.873002756787114,0.10175021357528724
1615129118994,1.2307103617617232,0.14075056963786614
1615129119702,1.2059437959815906,0.16171305540272662
1615129120061,0.978684692012336,0.08654536581771444
1615129120488,0.9862803988630018,0.1939131246455501
1615129120932,1.197991660502712,0.06558026221630664
1615129121398,1.2245212200472002,0.2154967159884722
1615129121716,0.9034662250017332,0.054718481694559395
1615129122642,0.666141956165623,0.07747986351244696
1615129122893,1.3949553182355836,0.03909482998954683
1615129128856,1.1057801386739472,-0.38924837839393844
1615129129019,1.2738569611525068,-0.3997250236631915
1615129129262,1.018377427293379,-0.408028048819729
1615129129695,1.3224602471274873,-0.44724096959743687
1615129129926,1.0679536731486312,-0.36875918567506405
1615129130050,0.9063485228685222,-0.33120628408816044
1615129130703,0.7512203973928491,-0.41820410212735637
1615129130937,1.203406551618626,-0.3619464281819713
1615129131425,1.4626672038344912,-0.3583333846455474
1615129132725,1.12183997636948,-0.3757969274775774
1615129133120,1.4363071960516895,-0.42922724045847493
1615129134031,1.0655749488772481,-0.37469870116325654
1615129134295,1.0014083375570617,-0.37150075712417885
1615129134518,1.2780723087289003,-0.3397267369941164
1615129135020,1.3474657279733968,-0.34168282045891396
1615129135467,1.456073298604077,-0.3818191927624046
1615129136678,1.1619916078170907,-0.3743370847569534
1615129136919,0.9983711421041179,-0.38902704869670535
1615129137532,0.6811806937384367,-0.42539896413412714
1615129137881,1.0690096158838949,-0.38851425384941396
1615129138076,0.7165092486908566,-0.3907690818142098
1615129138441,0.9559038376283068,-0.342022825542045
1615129138700,0.9933777680755154,-0.3975559584860351
1615129138942,0.9652102972161594,-0.40695552124231593
1615129139168,0.6201938229435195,-0.4353433496467085
1615129139513,0.9041248438279809,-0.39948094741897133
1615129140320,1.1067662168962993,-0.36567340177668073
1615129142126,1.0936435895540406,-0.40959544299978656
1615129142874,1.1349624064906154,-0.3435663228375443
1615129143457,1.4200830916693288,-0.45355886742935736
1615129143916,0.7344372539125983,-0.3683063445581265
1615129144364,0.7561529188074131,-0.40298551550965955
1615129152713,1.1207920896672954,-0.08450583229240194
1615129156043,0.8725755464989415,-0.08351936983097175
1615129157066,0.6209177036941924,-0.12545504868877866
1615129157892,1.0193125664519382,-0.09886521585238439
1615129158187,0.9432638646078613,-0.10245411727568188
1615129160762,1.426055908788351,-0.15010525852662426
1615129161307,1.2864853762471218,-0.11893123752562085
1615129161434,1.086710120800522,-0.08570195440305128
1615129161751,0.5521877341467739,-0.1546625255572882
1615129161931,0.9094823381137656,-0.10812338915834108
1615129162185,0.8790970994046654,-0.05646231829116033
1615129162764,1.2334207991007786,-0.0865481447166867
1615129163391,1.2421637784583761,-0.16331884854888346
1615129163794,1.2590202993697852,-0.09764162410809729
1615129165212,0.8963301200857106,-0.10602469449503671
1615129165874,0.8269974601981132,-0.11857919256129779
1615129166414,1.2247740827558546,-0.06768432747133502
1615129167406,1.370434159617082,-0.10324605545463972
1615129168083,1.511083821216222,-0.00891587747427014
1615129168568,1.4395924052997362,-0.05598891993692123
1615129169838,0.8858711734489932,-0.06777328704898844
1615129249114,0.9796551638166895,1.9809962568766806
1615129252062,0.7229588361269633,2.051207913921795
1615129252255,0.7519916344318671,2.0062919795280743
1615129252546,0.6240170739390866,2.1423080368571523
1615129253053,0.6017936371285448,2.041293162868051
1615129253607,0.7879813578734617,1.9444327979120262
1615129254630,0.7623442565132245,1.8633134856798865
1615129255128,0.9296610359612497,1.934670423681279
1615129255717,1.1232016003971979,2.0042085519232566
1615129256251,0.5498094173958729,2.0400138669407495
1615129257884,1.3678837552497594,2.0149003310075395
1615129258165,1.1500953677878543,1.9802127967803929
1615129259347,0.9616665216476239,1.895870224290985
1615129259800,1.560614994019159,1.9396227489575157
1615129264150,1.0300094676167721,4.674505694350563
1615129267384,1.3528182870508854,4.5721372618542
1615129267832,0.8990589196241029,4.695427380724315
1615129268182,0.7949712378321594,4.633134195803924
1615129268478,1.17904177208949,-1.542681907960577
1615129269222,0.7876495947413138,4.63043731899926
1615129271266,1.1517492833275569,-1.5255640459020992
1615129273109,1.387521477668961,4.54116538275349
1615129273668,1.516218981990547,-1.5368083692553274
1615129273855,1.4530082199644152,4.684467126964321
1615129274059,1.21427266195129,4.653187217578214
1615129274315,1.3530917706858203,4.607625659462736
1615129274573,1.413989256600133,4.64370104734735
1615129275947,1.2098988674697413,-1.512603524383687
1615129276082,1.0842482066690682,-1.499602887392217
1615129276360,1.1994758520197246,-1.4848348507668798
1615129277070,0.6757949211861343,-1.5310731292218729
1615129277603,0.6942897930871682,4.607464218489936
1615129277817,0.9035994337242131,4.69744091179395
1615129278383,1.225973178186645,4.645909317705243
1615129279423,0.757417397359335,-1.564349129955576
1615129282471,0.769108904616122,-1.5403277450208042
1615129282642,1.1375189529815732,4.6889145676138995
1615129285477,2.7993192583353177,-0.5269467372836791
1615129285864,1.4188907782335667,-0.6026266584887967
1615129286052,1.6766412599025728,-0.5576881955308814
1615129286500,1.8923513983682236,-0.5093821001388759
1615129287117,1.6228644230712783,-0.4802998443997093
1615129287578,1.1490137666805682,-0.5271062694264801
1615129287927,1.621349331585707,-0.5123466268348023
1615129289040,1.2684704515878678,-0.46199293193337443
1615129289517,1.2030117443438515,-0.44775410236475244
1615129289655,1.0239428715413204,-0.49682270987092814
1615129289989,1.5132691878856037,-0.45660221792890665
1615129297410,1.7903144522299614,-0.46533731110830834
1615129301575,1.2379302776830003,-0.5498501359023105
1615129301938,1.623072169627442,-0.5003362584815556
1615129302543,1.1393086001012502,-0.47452504037323084
1615129302770,0.933134345481127,-0.4218200817246762
1615129303348,0.8765929532409021,-0.48499205751125984
1615129303536,1.2470758051015012,-0.5032955731882813
1615129303753,0.7228986186284474,-0.5131483234164582
1615129304133,0.9834100479956396,-0.44756826667762617
1615129304769,0.9988577075140672,-0.4355717431330275
1615129305330,1.9373671801228924,-0.5433363236372601
1615129570053,2.011577618830214,0.5448587952381987
1615129575243,1.1368012814169564,0.5465360175192082
1615129576164,1.2024696552978071,0.49910910945559106
1615129576735,1.2519554508577684,0.6069593471013586
1615129580514,1.570057715382895,0.6821421990795203
1615129580751,1.8126598570135013,0.5153546449037005
1615129584163,1.2061941288398241,0.5591348097303128
1615129584577,0.9696571056627566,0.59938184073571
1615129584812,0.6023579150754664,0.5537925407804347
1615129585016,0.9012263371134211,0.6068241573860174
1615129587383,1.3034213626737698,0.5718273267034119
1615129587727,0.8828120450890697,0.5442188514560062
1615129587852,1.2157937520207658,0.5718662534573381
1615129588452,0.871591644324738,0.5757737381951751
1615129592663,1.2255022805351377,0.7212445445071687
1615129599431,1.3716658097511425,0.6903236588184981
1615129599953,1.1459941924227033,0.597718403414801
1615129602003,1.2360235153941979,0.9310972523460103
1615129602197,1.438810237882509,0.7738918894475839
1615129602481,0.8205387058365652,0.772041273613014
1615129602871,0.9484248588049067,0.8641722767078069
1615129603433,1.1962834493364953,0.7159711198718091
1615129603888,1.0939808653458754,0.8787178331662482
1615129604260,1.5774281970674078,0.6574724267494148
1615129604932,0.6083559198026396,0.857484981403208
1615129605372,1.3177841786396525,0.3374533202173502
1615129608345,1.0059316881117628,0.5537445864806749
1615129615180,1.7558906740090539,-0.8625858179240664
1615129623771,1.30656734509503,-0.8567302988221273
1615129623923,1.1400722649453638,-0.7363309717592834
1615129625220,1.0972948666861626,-0.7146532863445487
1615129625592,1.16605523698461,-0.6975515278233799
1615129630224,1.2104213697677069,-0.7502856789912404
1615129630725,1.1449561305551441,-0.7623824071564935
1615129631360,1.4717490889400378,-0.730048358214578
1615129633506,0.7641352858993522,-0.894795922126653
1615129634202,0.8770755026184004,-0.6627078887761089
1615129634436,1.1444971057005588,-0.7709800888695537
1615129639137,1.1774827120519953,-0.30282566753367557
1615129640853,1.7031437078014624,-0.2430969673572816
1615129645669,0.93510913679335,-0.26937254810456945
1615129646581,1.4252428113662723,-0.23072026780396793
1615129646897,1.1786337471349013,-0.16512196057757134
1615129647557,1.423360264718089,-0.26167505883781295
1615129648151,1.2612180198852552,-0.1792103189816121
1615129648562,1.2401302237250396,-0.18946099062467203
1615129649466,1.3065510357185361,-0.2582410764889007
1615129649811,1.390875095105437,-0.2478113896591252
1615129650217,1.0910314331698445,-0.23611400389975845
1615129650477,1.6465891380235993,-0.24126431152455097
1615129651063,1.5546725178514678,-0.16011988240479202
1615129653371,1.215381979258397,-0.22761062732425175
1615129653862,1.3592401605268871,-0.16197318519182913
1615129655512,1.2033730705574288,-0.23441352133420357
1615129656853,1.0046100616661084,-0.19188549545629852
1615129678594,1.4542167434745168,1.0633989129380326
1615129680495,0.9261982945719374,0.9256266068235771
1615129681091,1.1834380097329618,1.0010502872663012
1615129681709,1.407485518425056,0.9590796544765722
1615129681974,1.373965789773198,1.0365116407451052
1615129682520,1.5012346954357612,1.0327612713556529
1615129682807,1.1738747613867526,1.0996414703094846
1615129683050,1.534890327209709,0.997466268744275
1615129685312,1.3886256143900022,0.8481377365188333
1615129686907,1.5628493398774974,0.9424179156349847
1615129688039,0.8922808161918274,1.0571979466756427
1615129689274,1.0309774361473407,1.0503899580481662
1615129689535,1.5543539262870052,1.0863688841942094
1615129689963,1.4254713740754863,1.0015580482372468
1615129690687,1.22554851483316,1.0108940331631633
1615129691034,1.047143274633649,0.8821735102180014
1615129692407,1.3697664151212696,0.9784942449699358
1615129692699,0.7121630164751682,0.988768558958939
1615129692960,1.2332540427909904,1.024180607684408
1615129693541,0.6715745668041265,1.0077757126369697
1615129694152,0.8132250969571633,0.9795553523879305
1615129694432,0.7781901827673074,1.0244235285618455
1615129694893,0.9382541891347886,0.876740272090798
1615129695439,0.8389231770312581,0.9344568162320029
1615129695727,0.36109004207689344,1.0339975177754424
1615129696212,0.9602238001565597,0.9507697094750359
1615129696411,0.7090908439466164,0.9417273008257022
1615129696691,1.0720468131943408,1.027496915913256
1615129696813,1.4121108870643782,0.98933448632976
1615129714606,1.0297023555896732,2.3140223279306893
1615129715536,1.0119733097629053,2.148592695148915
1615129715962,0.673054712104749,2.0780641626776175
1615129716508,0.7536686031428805,2.3850728508065844
1615129716998,1.0325962622205,2.2162623734060425
1615129719892,1.2317518610051872,2.288740607890899
1615129720223,2.419399087631475,2.3163269158274726
1615129724777,1.1275703585003702,-1.3253938372662413
1615129729711,1.0367073017840749,-1.292886076155034
1615129729931,0.5064810236451301,-1.4228401167586213
1615129730819,0.9538456478007973,4.610325242628475
1615129735395,0.46699504443076645,-1.4504243525521425
1615129737442,1.170132939244556,-1.4452618266807677
1615129741758,1.2488352943110117,-1.2808832087708972
1615129749397,2.91874072804581,-0.5045014311342779
1615129750575,1.7911359177623094,-0.4506881879745559
1615129750958,1.878057182526714,-0.4587998958275592
1615129752840,1.4261591211117846,-0.4698772514738492
1615129760336,0.9945615125324485,-0.5046016976110264
1615129762516,1.270828363748131,-0.5508865445830224
1615129763500,0.8667768633004678,-0.42259811231426325
1615129763917,1.2723395866256,-0.4363600941243302
1615129765814,1.3889499617581542,-0.4645631445117471
1615129766463,1.1543283557374409,-0.4414029208253849
1615129786608,1.0992917466132963,0.5960055488601559
1615129788631,0.6680015128100448,0.5052600147127153
1615129788776,0.5314748206346465,0.6377891595331455
1615129788985,1.33231864620788,0.5750737619115289
1615129789290,1.3861390727469154,0.5829449877050848
1615129810374,1.0873715979618779,1.0951894491638567
1615129812325,1.4136750939169467,0.9676886019341533
1615129812582,1.3889613836132702,0.9725114902861927
1615129813629,1.0885660114418114,1.1237290619959872
1615129817297,1.3532044317612837,0.8638663360281894
1615129817879,0.8169007348980166,0.86497754271926
1615129818367,0.8770714698810482,0.8720736209088634
1615129820124,1.2231912458955083,1.1050276532630785
1615129820746,1.247409870043556,0.9600751073785153
1615129824434,0.9595105746592667,1.3023958056390148
1615129827119,0.6445568012564369,1.2721697793150448
1615129827923,0.7353360652773236,0.7615599636613702
1615129828960,0.9757139090732658,1.2308188602018273
1615129829722,1.052263227158122,1.1081477473830255
1615129838882,1.188012633427554,4.469467976999749
1615129840228,1.2884803831664224,4.2464332030638445
1615129840883,1.4328994219036437,4.183619455156624
1615129851174,1.163278414207109,4.572277079903465
1615129852243,0.726299457210473,4.36292907223824
1615129853314,1.0541538132446395,4.060899312086725
1615129854511,0.8236469550775337,4.474039405252521
1615129854836,1.112209654389298,4.337631443767769
1615129855217,0.9223514168582596,4.302795705405655
1615129855682,1.6382248799651817,4.342860189933104
1615129855908,1.1635650308446586,4.187091198108719
1615129856673,0.8506007550299035,4.210152336423444
1615129857691,1.3844251368509035,4.233416448921773
1615129873017,1.3314824029840744,-0.25396341777766795
1615129873353,1.7108669258911262,-0.3919372114965676
1615129875458,1.537012995133329,-0.14478546386538826
1615129876133,0.9207223038521972,-0.10530682733707009
1615129878510,0.896926934916035,-0.23670570904453903
1615129879255,1.172266641355162,-0.15623428294596886
1615129912732,1.7374401332164404,0.6181222187853422
1615129917548,1.1392883934698552,0.7057948743542403
1615129917815,1.091868855352393,0.7339584730190746
1615129918606,1.0630039066605148,0.6487892216571012
1615129919329,1.0932297982098496,0.6792868037373956
1615129926917,1.519238586829196,2.2280371309216185
1615129932994,1.1899879574006693,2.25763153810543
1615129934593,0.9793864970282622,1.896801385239214
1615129935035,0.9671888901192127,2.075085320041853
1615129936017,0.9234877929066918,2.03851730530198
1615129936472,0.7934434783367967,2.164647525493334
1615129937365,0.9304671944555771,2.210493224154967
1615129938106,0.6765651866199991,1.8511373409132927
1615129940373,1.2107993443847294,2.0964766113265574
1615129940736,1.0186875022463007,2.062254370507114
1615129941284,1.362654582855318,2.1952544283121886
1615129941972,0.9277593383269886,2.0775645739513564
1615129942242,0.8916240656901464,2.0203811838590333
1615129942918,0.9429171723350084,2.0112066817142544
1615129944208,1.2577123906511543,2.1130430969273806
1615129946347,1.6436205353547255,2.041635643215053
1615129954629,1.1913855665128092,3.8600310922197805
1615129955174,1.749441298793189,3.891777851469949
1615129955616,1.6937052651331341,3.8601152830440335
1615129956419,1.9191625110014532,3.790363740280052
1615129964110,1.12555984556152,3.6249862157889043
1615129965745,0.9182180307728822,3.7762206531573828
1615129967686,0.9106641355284923,3.7360576640108607
1615129967909,1.1592852472854385,3.949767600340112
1615129968656,0.8811923423557377,3.883887012598475
1615129970417,0.9889089374962319,3.867155506176583
1615129971546,1.0555092018253518,3.8925474753646534
1615129973606,0.8755846601559528,3.7865203489645847
1615129974395,2.632391279421755,3.7850258780698325
1615129977055,2.603067592318832,-0.32423950827529
1615129977291,1.8127721506970165,-0.49088116002147686
1615129978462,1.4574897988267879,-0.47688209313570384
1615129979639,1.5380596718779787,-0.41703183523676746
1615129979836,2.045693686060894,-0.44844357176795446
1615129980344,1.206334300740867,-0.4023318199878698
1615129980949,1.1972945420995014,-0.5138397538316055
1615129982205,1.3232492485058491,-0.44367746887275405
1615129982671,1.489571170624811,-0.4784091441161853
1615129987624,1.265852846631348,-0.3230399184024082
1615129987909,1.3759286740214445,-0.5407394249240007
1615130028255,1.037671811052238,0.9986810264980943
1615130028461,1.0830182490000624,1.0604844232928732
1615130029100,1.0867865723097603,1.0855292900991058
1615130030210,1.2501664375642607,1.027005746953154
1615130030948,1.155409467884628,1.1462869936719318
1615130031314,1.1777484971256074,1.1288272187922455
1615130041685,1.6737020042450708,2.4007104243863635
1615130042292,0.8219365378248368,2.6259761625578077
1615130043057,1.4203169046125128,2.52359610216066
1615130043338,0.5616827355864362,2.3797486398367145
1615130043747,0.6692223104537317,2.4422412137046963
1615130044657,1.1229627899217776,2.6362235525063755
1615130044837,1.0785807088984556,2.4617816482656782
1615130045492,0.6567729820281609,2.413189028585441
1615130046081,0.8763035144223854,2.285976596185173
1615130046408,1.0700499119090887,2.4705255857615374
1615130046540,0.44971408566886323,2.4591121395371216
1615130047451,0.9870937980025745,2.4515874370212414
1615130047749,1.007483840494435,2.650070369963443
1615130048195,0.9741254410161404,2.2891609881892014
1615130048864,1.259646662275423,2.4199319767861467
1615130049080,1.2608940770888124,2.6119866270634606
1615130049431,1.1229552044451492,2.501027245243085
1615130050597,1.0216027518087745,2.343560343649994
1615130050824,0.982381384634047,2.4225958196016024
1615130051082,1.0692583810739653,2.451660415572981
1615130051288,0.5536071359967893,2.4844604281464413
1615130052117,0.8620202025358968,2.525463554879674
1615130052376,1.2783054186750131,2.4439745035749505
1615130052628,0.6335727351103387,2.427598265370142
1615130053695,1.2908603840464359,2.524928415927415
1615130053892,0.7694071104153051,2.3949224015406134
1615130054205,1.063654708781102,2.5697638088951154
1615130054510,1.1403605841537214,2.5506536592303206
1615130083558,0.9012054802642124,-1.0540929242732213
1615130083994,1.227297920437685,-1.3022570900718167
1615130101079,0.793077215594847,-0.2294036940529698
1615130101386,0.9327142830179282,-0.1314640946001855
1615130102100,1.1329485242749753,-0.13593073227022412
1615130102428,1.3087291025637695,-0.19026078882494613
1615130102734,0.8658042669964676,-0.21414874493251745
1615130102983,1.1403862457318412,-0.2049361936289964
1615130103874,1.2083919608172138,-0.18131980969495975
1615130104257,1.0334390935414932,-0.2359807719005962
1615130104400,1.0861810328280241,-0.19203163956138747
1615130104942,1.1659126118031033,-0.20027553675029175
1615130105468,1.230119377111879,-0.18621761323563435
1615130106581,1.1640315699340473,-0.13512552950393264
1615130107217,0.9113333689744055,-0.17734179713727438
1615130138061,1.3326883231988822,0.6005168555299281
1615130138586,1.5165390344086331,0.8896317716616716
1615130139780,0.5662572406264579,0.774113650166759
1615130140143,1.3021391881318891,0.42925925408399457
1615130140546,1.1820591106905363,0.7272491562452028
1615130140941,1.0778373898516318,0.6253469019604869
1615130141295,1.9188766383522509,0.5899015911301998
1615130141447,1.2552800771185413,0.501055145734455
1615130142247,1.1431688488181835,0.6583486496258592
1615130142901,1.3420372502059497,0.7304593185714965
1615130143638,1.1682108300033303,0.6944027275773738
1615130144047,1.1483199486683031,0.7315924160770843
1615130145778,1.4004427576034881,0.7985833045536691
1615130146128,1.2224787694691783,0.7724352102132768
1615130146814,1.4535617332167488,0.5964968293214375
1615130146992,1.7583668994619104,0.7880717495729984
1615130173256,0.9585910729543679,2.042293001977258
1615130173639,1.2751182181117722,1.9179979074998923
1615130173927,1.2767552256143821,2.038970722530082
1615130174675,0.9287016988069345,2.0788980766822767
1615130175120,1.1712902319711413,1.8787152966459575
1615130176160,0.8720382156858868,2.0493770497811723
1615130176445,0.9553825813385108,2.007421925102791
1615130176917,1.0011918556555752,2.0382342126923376
1615130177179,0.8607229834941188,1.9318536109739322
1615130177503,0.6944948214225131,2.0634513757815696
1615130179991,1.0368248760253045,1.8903825601595114
1615130180212,0.8274609527418393,1.9853468992447354
1615130207588,2.9031614522440243,-1.514908186298333
1615130208295,1.007174539656795,-1.4529465179825936
1615130208711,0.8191026213821928,4.5232336294388364
1615130208983,1.788308943815755,-1.506205284483285
1615130209287,1.5740808580989396,-1.2523019389598469
1615130216322,1.4129098510093383,-1.5700148842820263
1615130216563,0.6760948770740265,-1.4867497590861243
1615130217493,1.342489701599934,-1.2657841441460609
1615130218407,1.2004168187995612,-1.512508236141656
1615130218705,1.098519726598534,-1.4178960580482038
1615130219002,0.9193121317813671,-1.3568637592924282
1615130219658,0.8484847807390135,-1.2254558881976396
1615130225420,0.558742377312065,4.55712736591815
1615130225681,1.0658365275417314,4.632271695231372
1615130226331,1.232938138324019,-1.4299449172586849
1615130226653,1.0710960581235025,-1.5419937047331844
1615130227023,0.7556763309183671,-1.4515460123626065
1615130227215,1.2172491357112405,-1.4706389146877186
1615130257973,0.7230585088648664,1.9151046440015163
1615130258146,0.9094075482897142,2.0076184603119485
1615130258377,1.332731207706557,1.908383603636091
1615130259242,0.4268171103930548,2.105936281338879
1615130260092,0.9703430869544776,1.9900122740780095
1615130260755,1.2372945199076,2.1124312316066174
1615130261569,0.781570424225335,2.0410613324649405
1615130262801,0.8561440771504463,2.098745264802292
1615130263166,0.8230268145773645,1.89110390636283
1615130264819,1.2420740567918727,2.049894930440965
1615130265088,1.186656060359422,2.1286640925369182
1615130267210,0.8362967752029328,1.9469841842554116
1615130267873,0.9899991052704848,2.0116004696826075
1615130268142,1.021922131691703,2.1259743480735906
1615130269180,1.2161735170706007,2.21326056308445
1615130270043,1.275907665286364,1.9175394199316513
1615130274405,1.2864844098955066,2.718216952938718
1615130279121,1.0974179497964671,2.774010166129222
1615130283767,1.1645757205414295,2.8207915833761694
1615130284047,0.8371997323223933,2.7833280226032926
1615130284613,0.8165743016149309,2.7513269906710525
1615130284863,0.9297155723016552,2.8058084169051183
1615130285373,0.9195835711307785,2.737677904104964
1615130285881,0.8232686504099277,2.784101847771461
1615130286574,0.7338694686514878,2.894501217613068
1615130287152,0.7480615386005361,2.841619336815814
1615130287573,1.0852781175007007,2.738976880967631
1615130287772,0.8292282851225903,2.822581867754215
1615130288497,0.7544369897689424,2.771546582055028
1615130288820,0.9375104434652892,2.871603701028056
1615130289132,0.7824220656917602,2.8604490394949975
1615130289268,0.5134172619705591,2.778254338611644
1615130289655,0.6353038781916793,2.827467567835949
1615130289913,0.874576288236358,2.7534639970122026
1615130290190,0.8186153761631325,2.6065056352124802
1615130290517,1.4292570023935562,2.750978949055303
1615130290864,1.2727129316554153,2.710505032121497
1615130291170,0.8272220551642101,2.7530534388046055
1615130291426,0.7788133624579285,2.7856528943291856
1615130291855,0.7708336508079914,2.8283814437770434
1615130292163,1.1407959427392766,2.7558808085154296
1615130292362,1.0007455904934766,2.7754651403662804
1615130293198,1.2461986453688816,2.738912570964473
1615130308696,1.2875716946637434,3.854392358646521
1615130309106,1.435792785714131,3.89770832281889
1615130310053,0.756819818187083,3.861118370479963
1615130310553,1.353432812115639,3.839081115952753
1615130311019,0.8504006168296125,3.8375901823749112
1615130311202,1.108146784369027,3.8607639237977804
1615130311592,0.7195202062614003,3.8593521941412794
1615130311847,1.0880418854445917,3.8489553198272315
1615130312357,0.924881075285318,3.8320792832817157
1615130314515,0.893871323436684,3.8111568958580637
1615130331878,0.8423195553334741,4.615412996441837
1615130332390,0.7708563539954469,4.456751753935915
1615130332594,0.47022811478744275,4.487783738435941
1615130333058,1.6029017200473663,4.577817516770334
1615130333620,1.572542230469662,4.565490900509077
1615130334313,1.917779752486858,4.596036215655579
1615130336978,1.3704437815067623,4.572694359150381
1615130338111,1.1796121988625834,-1.544744503619921
1615130338873,0.8261563546525431,4.466339145362081
1615130339098,1.5344599530690262,-1.5651482406658226
1615130339326,1.0461487829039315,-1.5510440937214542
1615130339916,1.026324953445505,4.364779122850516
1615130340133,1.5289844795043943,-1.4465833781252027
1615130341609,1.2410665356406847,4.4161126159573705
1615130373048,1.2812371007843044,1.5789374941001557
1615130373692,1.7803921075449733,1.6978009304731805
1615130373977,1.1492414087988168,1.8072557158189935
1615130374502,0.7735681032878609,1.8254928724092228
1615130377810,1.1235744954946594,1.7986940500868709
1615130390412,0.9710873727069609,2.7816909111041612
1615130394190,1.2183001436025556,2.7509805878510276
1615130395667,0.7575205562905674,2.6570573678598146
1615130396129,1.1431251592271265,2.7129572628270293
1615130396606,1.3655258878920955,2.7318937056123715
1615130397044,1.12743383816622,2.6548036096492784
1615130397388,0.7870789956941651,2.6151479324819085
1615130397854,0.760941223413617,2.701082077798182
1615130398192,0.8360462165348299,2.6501890520533014
1615130398360,0.9424799206100529,2.770104318970483
1615130398606,0.7654251773820586,2.6770551809472938
1615130399242,0.8707704599942307,2.6130784488463545
1615130399471,0.7554258828723557,2.616575363737708
1615130399715,1.2051876441531209,2.6365008006457975
1615130400133,0.9163382354844156,2.7721481622062507
1615130400467,0.9614647838807213,2.58418085281867
1615130400687,0.7983044903244914,2.654674614903241
1615130401113,0.8514345587981349,2.6147779445238344
1615130401515,0.8380105005899294,2.6414265487398376
1615130412715,1.0363074078285148,4.01049204447009
1615130413296,0.9812449709160767,3.9783223723863435
1615130413867,1.1798824994976047,3.962225881601168
1615130414174,0.5546836089014401,3.9864789241305068
1615130415056,0.9611385096976539,4.0117833435360115
1615130419672,0.9464615646527075,3.984314283255498
1615130421126,1.0863546207921897,3.9999360501465597
1615130421587,1.0986086996405464,3.981784028801567
1615130421833,1.4526264248935146,3.9684782343409593
1615130422315,1.314939943954676,3.9614640806855537
1615130426059,1.3295427252520906,3.8760242706604777
1615130439260,1.6052512421296705,-1.250863449523655
1615130441825,1.9352471072828272,-1.0935258344452863
1615130442222,1.5052575227884013,-1.1626553172525127
1615130442496,1.5157712143369277,-1.375479738917416
1615130442782,1.4513703249806493,-1.1757161492315311
1615130444334,1.921912308323422,-1.1699821159646437
1615130445084,1.4777133438644197,-1.2949157782371703
1615130446273,1.3052058693564865,-1.3110171486511035
1615130446434,1.2988595542043746,-1.1917571027619709
1615130446923,1.0510690715210527,-1.324136995286386
1615130447774,1.238218632660431,-1.1239370215602151
1615130448625,0.8247934203528909,-1.385751566490169
1615130448820,1.5201222478219703,-1.2295449448389801
1615130450035,1.9080490537981152,-1.1990532568149725
1615130454361,1.0841468690993312,-1.303414429477606
1615130455170,1.0335161481668915,-1.2606542346131957
1615130455766,0.8460544635362628,-1.1168417118035054
1615130455995,1.1374362482415432,-1.1803894476517525
1615130456527,1.338384568208876,-0.9898845023345455
